id,comment_id,post_id,comment_text,owner_username,owner_id,likes_count,timestamp,collected_at,ai_results
1,18073675304608369,71,Ø¬Ø²Ø§ÙƒÙ… Ø§Ù„Ù„Ù‡ Ø®ÙŠØ±Ø§ â¤ï¸,khalidfares_,,2,2025-12-15 15:08:05,,
2,17954729385029247,71,Ø¬Ø²Ø§Ùƒ Ø§Ù„Ù„Ù‡ Ø®ÙŠØ±Ø§ Ø´ÙŠØ®Ù†Ø§ Ø§Ù„Ø­Ø¨ÙŠØ¨ â¤ï¸,isa.alabdulla,,2,2025-12-15 14:47:47,,
3,18089685293303354,71,Ø§Ù„Ù„Ù‡Ù… Ø¢Ù…ÙŠÙ† ÙŠØ§Ø±Ø¨ Ø§Ù„Ø¹Ø§Ù„Ù…ÙŠÙ† ÙŠØ±Ø²Ù‚Ù†ÙŠ Ø¨Ù‡Ø§ Ø¢Ù…ÙŠÙŠÙ† ÙŠØ§Ø±Ø¨ Ø§Ù„Ø¹Ø§Ù„Ù…ÙŠÙ† ğŸ•‹ğŸ‡¸ğŸ‡¦ğŸ•‹ğŸ¤²ğŸ»,kamardjawhara,,1,2025-12-15 15:26:52,,
4,18050150942692907,71,"Ù€â”“â”â”â”ğŸ•ŒğŸ•‹ğŸ•Œâ”â”â”â” Ù€ 
Ø£Ù„Ù„ÙÙ‘Ù‡ÙÙ…Ùâ€Œ ØµÙÙ„Ù â€ŒØ¹ÙÙ„ÙÙ‰ â€ŒÙ…ÙØ­ÙÙ…ÙÙ‘Ø¯ â€ŒÙˆÙØ¹ÙÙ„ÙÛŒ â€ŒØ¢Ù„Ùâ€Œ Ù…ÙØ­ÙÙ…ÙÙ‘Ø¯Ùâ€Œâ€ 
 Ù€â”›â”â”â”ğŸ•ŒğŸ•‹ğŸ•Œâ”â”â”â”— Ù€",quran_karem.0_,,1,2025-12-15 16:11:46,,
5,18399738580131735,71,Ø§Ù„Ù„Ù‡Ù… Ø¥Ù†Ù Ù†Ø³Ø£Ù„Ùƒ Ø¹Ù…Ø±Ù‡ Ù‚Ø±ÙŠØ¨Ø© ğŸ¤²ğŸ¼,shifaa__alsudur,,17,2025-12-15 14:49:39,,
6,17864651862457632,71,ÙŠØ§Ø±Ø¨ Ø¹Ù…Ø±Ù‡ Ù‚Ø±ÙŠØ¨Ù‡ ğŸ¤²ğŸ»,danyahehsan,,1,2025-12-15 20:27:42,,
7,18149218804389352,71,"â€Ø±Ø¨Ù‘ Ø¥Ù†ÙŠ Ù„Ù…Ø§ Ø£Ù†Ø²Ù„Øª Ø¥Ù„ÙŠÙ‘ Ù…Ù† Ø®ÙŠØ± ÙÙ‚ÙŠØ±
Ø±Ø¨Ù‘ Ù„Ø§ ØªØ°Ø±Ù†ÙŠ ÙØ±Ø¯Ø§Ù‹ ÙˆØ£Ù†Øª Ø®ÙŠØ± Ø§Ù„ÙˆØ§Ø±Ø«ÙŠÙ†
Ø±Ø¨Ù‘ Ø¥Ù†ÙŠ Ù…Ø³Ù†ÙŠ Ø§Ù„Ø¶Ø± ÙˆØ£Ù†Øª Ø£Ø±Ø­Ù… Ø§Ù„Ø±Ø§Ø­Ù…ÙŠÙ†
Ø±Ø¨Ù‘ Ø¥Ù†ÙŠ Ù…ØºÙ„ÙˆØ¨ ÙØ§Ù†ØªØµØ±
Ø±Ø¨Ù‘ Ø§Ø´Ø±Ø­ Ù„ÙŠ ØµØ¯Ø±ÙŠ ÙˆÙŠØ³Ø±Ù„ÙŠ Ø£Ù…Ø±ÙŠ 
Ø±Ø¨Ù‘ Ø¥Ù†ÙŠ Ø¸Ù„Ù…Øª Ù†ÙØ³ÙŠ ÙØ§ØºÙØ±Ù„ÙŠ
Ø±Ø¨Ù‘ Ø£Ø¹ÙˆØ° Ø¨Ùƒ Ù…Ù† Ù‡Ù…Ø²Ø§Øª Ø§Ù„Ø´ÙŠØ§Ø·ÙŠÙ†
Ø±Ø¨Ù‘ Ø§Ø¬Ø¹Ù„Ù†ÙŠ Ù…Ù‚ÙŠÙ… Ø§Ù„ØµÙ„Ø§Ø© ÙˆÙ…Ù† Ø°Ø±ÙŠØªÙŠ Ø±Ø¨Ù†Ø§ ÙˆØªÙ‚Ø¨Ù„ Ø¯Ø¹Ø§Ø¡",fa.a.2025,,1,2025-12-15 15:35:59,,
8,17966650601847206,71,ÙˆØ§Ù„Ù„Ù‡ Ø§Ù„Ø¹Ø¶ÙŠÙ… Ø§Ù†ÙŠ Ù…Ø§ ØªÙƒÙ„Ù…Øª Ø§Ù„Ø§ Ù…Ù† Ø§Ù„Ø¬ÙˆØ¹ !!!!! ÙˆØ§Ù„ÙÙ‚Ø± ÙˆØ¶ÙŠÙ‚ Ø§Ù„Ø­Ø§Ù„ Ø­Ø³Ø¨Ù†Ø§ Ø§Ù„Ù„Ù‡ ÙˆÙ†Ø¹Ù… Ø§Ù„ÙˆÙƒÙŠÙ„ ÙÙŠ Ù…Ù† Ø§ÙˆØµÙ„Ù†Ø§ Ø§Ù„Ù‰ Ù‡Ø§Ø°Ø§ Ø§Ù„Ø­Ø§Ù„ Ø§Ù†Ø§ Ø§Ø®ØªÙƒÙ… Ù…Ù† Ø§Ù„ÙŠÙ…Ù† Ù†Ø§Ø²Ø­ÙŠÙ† Ø§Ù†Ø§ ÙˆØ§Ø³Ø±ØªÙŠ Ø¨ÙŠØªÙ†Ø§ Ø§ÙŠØ¬Ø§Ø± Ø§Ù„Ø´Ù‡Ø±Ø¨ 20 Ø§Ù„Ù ÙŠÙ…Ù†ÙŠ ÙˆØ§Ù„Ø§Ù† Ø¹Ù„ÙŠÙ†Ø§ 60 Ø§Ù„Ù Ø­Ù‚ 3 Ø´Ù‡ÙˆØ± ÙˆØµØ§Ø­Ø¨ Ø§Ù„Ø¨ÙŠØª Ù…Ù† Ø§Ù„Ù†Ø§Ø³ Ø§Ù„ÙŠ Ù…Ø§ØªØ±Ø­Ù… ÙˆØ§Ù„Ù„Ù‡ ÙŠØ§ Ø§Ø®ÙŠ Ø§Ù†Ù‡ ÙŠØ¬ÙŠ ÙƒÙ„ ÙŠÙˆÙ… ÙŠØ¨Ù‡Ø°Ù„Ù†Ø§ ÙˆÙŠØªÙƒÙ„Ù… Ø¹Ù„ÙŠÙ†Ø§ ÙˆÙŠØ±ÙŠØ¯ ÙŠØ®Ø±Ø¬Ù†Ø§ Ù…Ù† Ø§Ù„Ø¨ÙŠØª Ù„Ù„Ø´Ø§Ø±Ø¹ Ù„Ø§Ù†Ù†Ø§ Ù…Ø§ Ù‚Ø¯Ø±Ù†Ø§ Ù†Ø¯ÙØ¹Ù„Ù‡ Ø§Ù„Ø£Ø¬Ø§Ø± Ø´Ø§ÙÙˆÙ†Ø§ Ø§Ù„Ø¬ÙŠØ±Ø§Ù† Ù†Ø¨ÙƒÙŠ ÙˆØ±Ø¬Ø¹Ùˆ ØªÙƒÙ„Ù…Ùˆ Ø§Ù„Ø¬ÙŠØ±Ø§Ù† ÙˆÙ…Ù‡Ù„Ù†Ø§ Ø§Ù„Ø§Ø®Ø± Ø§Ù„Ø£Ø³Ø¨ÙˆØ¹ Ø§Ø°Ø§ Ù…Ø§Ø¯ÙØ¹Ù†Ø§ Ù„Ù‡ Ø­Ù„Ù ÙŠÙ…ÙŠÙ† Ø¨Ø§Ù„Ù„Ù‡ Ø¨ÙŠØ®Ø±Ø¬Ù†Ø§ Ø¥Ù„Ù‰ Ø§Ù„Ø´Ø§Ø±Ø¹ Ø¨Ù„Ø§ Ø±Ø­Ù…Ù‡ ÙˆØ­Ù†Ø§ Ù„Ø§ ÙŠÙˆØ¬Ø¯ Ù…Ø¹Ø§Ù†Ø§ Ù‚ÙˆØª ÙŠÙˆÙ…Ù†Ø§ ÙˆØ¹Ø§ÙŠØ´ÙŠÙ† Ø§Ù†Ø§ ÙˆØ§Ù…ÙŠ ÙˆØ§Ø®ÙˆØªÙŠ Ø³ØºØ§Ø± ÙˆØ§Ù„Ø¯Ù†Ø§ Ù…ØªÙˆÙÙŠ Ø§Ù„Ù„Ù‡ ÙŠØ±Ø­Ù…Ù‡ ÙˆÙ…Ø§ Ù…Ø¹Ù†Ø§ Ø£Ø­Ø¯ ÙÙŠ Ù‡Ø°Ø§ Ø§Ù„Ø¯Ù†ÙŠØ§ ÙŠÙˆÙ‚Ù Ø¬Ø§ Ø§Ù†Ø¨Ù†Ø§ ÙÙŠ Ù‡Ø°Ù‡ Ø§Ù„Ø¸Ø±ÙˆÙ Ø§Ù„Ù‚Ø§Ø³ÙŠÙ‡ Ø§Ø®ÙˆØªÙŠ Ø§Ù„ØµØºØ§Ø± Ø®Ø±Ø¬Ùˆ Ù„Ù„Ø´Ø§Ø±Ø¹ ÙˆØ´Ø§ÙÙˆ Ø§Ù„Ø¬ÙŠØ±Ø§Ù† ÙŠØ§ÙƒÙ„Ùˆ ÙˆØ§ÙˆÙ‚ÙÙˆ Ø¹Ù†Ø¯ Ø¨Ø§Ø¨Ù‡Ù… Ù„Ø¬Ù„ ÙŠØ¹Ø·ÙˆÙ‡Ù… ÙˆÙ„Ùˆ ÙƒØ³Ø±Ù‡ Ø®Ø¨Ø² ÙˆØ§Ù„Ù„Ù‡ Ø§Ù„Ø°ÙŠ Ù„Ù‡ Ù…Ù„Ùƒ Ø§Ù„Ø³Ù…ÙˆØ§Øª ÙˆØ§Ù„Ø§Ø±Ø¶ Ø§Ù†Ù‡Ù… ØºÙ„Ù‚Ùˆ Ø§Ù„Ø¨Ø§Ø¨ ÙˆØ·Ø±Ø¯ÙˆÙ‡Ù… ÙˆØ±Ø¬Ø¹Ùˆ ÙŠØ¨ÙƒÙˆ Ù…Ù† Ø§Ù„Ù‚Ù‡Ø± ÙˆØ§Ù„Ø¬ÙˆØ¹ Ù…Ø§ Ø§Ø­Ø¯ Ø±Ø­Ù…Ù‡Ù… ÙˆØ§Ù„Ø§Ù† Ù„ÙˆÙ…Ø§ Ø§Ø­Ø¯Ù†Ø§ Ø³Ø§Ø¹Ø¯Ù†Ø§ Ø­ØªØ§ Ù‚ÛŒÙ…Øª ÙƒÙŠÙ„Ùˆ Ø¯Ù‚ÙŠÙ‚ Ø§Ù‚Ø³Ù… Ø¨Ø§Ù„Ù„Ù‡ Ø§Ù†Ø­Ù†Ø§Ù†Ù…ÙˆØª Ù…Ù† Ø§Ù„Ø¬ÙˆØ¹ Ø§Ù†Ø§ Ø¯Ø§Ø®Ù„Ù‡ Ø¹Ù„Ù‰ Ø§Ù„Ù„Ù‡ Ø«Ù… Ø¹Ù„ÙŠÙƒ ÙˆØ§Ø±ÙŠØ¯ Ù…Ù†Ùƒ Ø§Ù„Ù…Ø³Ø§Ø¹Ø¯Ù‡ Ù„ÙˆØ¬Ù‡ Ø§Ù„Ù„Ù‡ Ø§Ù†Ø´Ø¯Ùƒ Ø¨Ø§Ù„Ù„Ù‡ ÙŠØ§ Ù…Ù† ØªØ­Ø¨ Ø§Ù„Ø®ÙŠØ± Ø§Ù†Ùƒ ØªØ±Ø§Ø³Ù„Ù†ÙŠ ÙˆØªØ³Ø§Ø¹Ø¯Ù†ÙŠ ÙˆÙ„Ùˆ Ø¨Ø´ÙŠ Ø¨Ø³ÙŠØ· Ù†Ù‚Ø¶ÙŠ Ø¨Ù‡ Ø­Ø§Ø¬ØªÙ†Ø§ Ø§Ù„Ù„Ù‡ ÙŠØ¹ÙˆØ¶Ùƒ Ø®ÙŠØ± Ù…Ù†Ù‡Ø§ Ù‡Ø°Ø§ Ø±Ù‚Ù…ÙŠ ÙˆØ§ØªØ³Ø§Ø¨ ÙØ±Ø¬ Ù‡Ù…Ù†Ø§ Ø§Ù„Ù„Ù‡ ÙŠÙØ±Ø¬ Ù‡Ù…Ùƒ Ø¯Ù†ÙŠØ§ ÙˆØ§Ø®Ø±Ù‡ 967713996987+ Ø§Ø³Ø§Ù„Ùƒ Ø¨Ø§Ù„Ù„Ù‡ ÙŠØ§ Ù…Ù† Ù„Ùƒ Ø§Ù„Ù‚Ø¯Ø±Ù‡ Ø§Ù† ØªØ³Ø§Ø¹Ø¯Ù†Ø§ Ø±Ø§Ø³Ù„Ù†ÙŠ ÙˆØ§ØªØ³Ø§Ø¨ ÙˆØªØ·Ù„Ø¨ Ø§Ø³Ù… Ø¨Ø·Ø§Ù‚ØªÙŠ ÙˆØªØ³Ø§Ø¹Ø¯Ù†Ø§ Ø¨Ù„Ø°ÙŠ ØªÙ‚Ø¯Ø±Ø¹Ù„ÙŠÙ‡ Ø§Ù„Ù„Ù‡ ÙŠÙØ±Ø¬ Ø¹Ù†Ùƒ ÙƒØ±Ø¨ Ø§Ù„Ø¯Ù†ÙŠØ§ÙˆØ§Ù„Ø§Ø®Ø±Ù‡ ğŸ˜¢ğŸ˜¢ğŸ˜¢ğŸ˜¢ğŸ˜¢ğŸ˜¢,ttttttttttttttruy,,2,2025-12-15 14:51:41,,
9,17951745534020006,60,ğŸ™ŒğŸ™ŒğŸ™Œ,thebnashop,,1,2025-12-15 14:51:50,,
10,18010222634648642,29,ğŸ˜,_muhammed_favascp_,,2,2025-12-11 18:48:42,,
11,17994613874856810,29,ğŸ˜,__ayza__.__rin__,,3,2025-12-10 14:21:29,,
12,17869693317486351,29,â¤ï¸,_rina_a______,,3,2025-12-10 11:13:21,,
13,17982652595930329,61,ğŸ¤  Letâ€™s go!!,passionatepattens,,1,2025-12-14 22:29:38,,
14,17892686484372593,61,I could come visit so often @karaegould,halimariesills,,1,2025-12-14 17:58:13,,
15,17967162077990919,61,@redeyez629,predsbsn72,,1,2025-12-14 18:34:52,,
16,18087754211290596,61,@julie.l.petty âœˆï¸â„ï¸âœˆï¸â„ï¸ğŸ˜,dependabledale,,1,2025-12-15 01:37:37,,
17,18250749283291247,61,@hannnnnah27 would be so fun!,bridgett.hennessy,,1,2025-12-14 18:55:58,,
18,18076907513248244,61,Fun! ğŸ˜,casey_j_lee,,1,2025-12-14 18:48:28,,
19,17972830505814087,61,@cayleighshepherd,theofficiallogie_t,,1,2025-12-14 23:48:08,,
20,17904577686324336,61,@allywiegandauthor Texas trip needed asap!!! ğŸ‘ğŸ¼ğŸ¤ ,sydney.annemarie,,1,2025-12-14 19:17:44,,
21,18012239267647587,61,@sheenaecregan,annsnarr,,1,2025-12-15 13:46:51,,
22,18185217142348251,61,@erikthurza,devlyn,,1,2025-12-15 13:05:08,,
23,18114577669602173,63,@courtneyives ğŸ‡¨ğŸ‡¦,jenburns70,,1,2025-12-13 01:44:51,,
24,17869405014420715,63,@jmcamp86 ğŸ‡¨ğŸ‡¦,justalexandra,,1,2025-12-13 05:18:14,,
25,18034793006735744,63,@kaitlyn.snelling.napier,sarah_dan,,1,2025-12-12 20:12:10,,
26,18317624170222502,63,@imryanjohnson,mrsgingerjohnson,,1,2025-12-12 21:17:24,,
27,18121193845551337,63,@atbuckner21,ayla.mae3,,1,2025-12-13 13:01:01,,
28,18085622989844835,63,@redeyez629,scoutthetherapydoodle,,1,2025-12-13 22:27:19,,
29,18076030034005958,63,@hari8rattan,carolineeatherly,,1,2025-12-14 18:38:19,,
30,18096183466883637,63,Montreal would be a dream. Girls getaway @realcountryinnash?,hello_mads,,1,2025-12-13 14:18:19,,
31,18399825571120030,63,@_ashlee_ramsey_,sdaniels53,,1,2025-12-15 20:24:12,,
32,17990939597740560,63,ğŸ‡¨ğŸ‡¦ğŸ˜,casey_j_lee,,1,2025-12-16 01:04:37,,
33,18106983295567568,65,@simonjward22,rachelsiegman,,0,2025-12-11 22:15:55,,
34,18076665686220418,65,Are you from TN? â€œBc youâ€™re the only TEN I SEE! ğŸ˜ @kelseyann1015,dylangearhart,,1,2025-12-11 01:47:44,,
35,18089285635780149,59,@_ashlee_ramsey_,shmemebaker,,1,2025-12-15 19:39:48,,
36,18087228997961504,59,@cayleighshepherd,theofficiallogie_t,,1,2025-12-15 19:36:03,,
37,17920267239071663,59,So fun! Want to see more of the US!,fox835,,1,2025-12-16 01:02:45,,
38,17953570182026767,59,@julie.l.petty,dependabledale,,1,2025-12-15 21:56:26,,
39,18067816334528067,59,@shear.elegancewv,murskisisters,,1,2025-12-15 19:37:59,,
40,18115655728514730,59,"Ooh, I have a few on my list! ğŸ˜",casey_j_lee,,1,2025-12-15 20:47:13,,
41,17916604725235407,59,ğŸ›© Ready!,casey_j_lee,,1,2025-12-16 01:05:51,,
42,17930461332119030,64,@honeybunchesofaryn,carolineeatherly,,1,2025-12-12 10:54:02,,
43,18212757868313226,64,@matthew_strickland_,carolineeatherly,,1,2025-12-12 10:53:20,,
44,17851429452599229,64,Our 1st wedding anniversary is coming up and weâ€™ve both never been to Europe!! ğŸ˜®,kierstentho,,4,2025-12-11 18:06:49,,
45,18095750470941839,64,@carolineeatherly ğŸ‡®ğŸ‡ªğŸ‡®ğŸ‡ª,eleanor_bridg4,,1,2025-12-12 15:30:56,,
46,17871447276396756,64,@juliesoldner,carolineeatherly,,1,2025-12-12 10:53:47,,
47,18177717151369077,64,@alex_gaughan,justjackrealtor,,2,2025-12-12 14:59:33,,
48,18103726642679649,64,Would love this !!!!â¤ï¸â¤ï¸,carolineeatherly,,1,2025-12-12 10:52:49,,
49,18083878298026966,64,Iâ€™d love to go to any of these cities!,heathmacd,,1,2025-12-12 05:31:37,,
50,18520685071064741,64,I'll take one of each please ğŸ˜‚,aljcostumes,,2,2025-12-12 13:53:15,,
51,18063253907203553,64,Me too @heathmacd ğŸ¤£,darcynorth,,1,2025-12-14 01:10:09,,
52,18078460528976494,95,ğŸ’ğŸ’ğŸ’,mergul__satbayeva,,0,2025-12-14 07:41:09,,
53,18120336109542595,95,ğŸ˜ğŸ˜ğŸ˜,aigul_adepbai,,0,2025-12-14 07:32:04,,
54,18086834228070224,95,â¤ï¸,aigerim.bahytkyzy,,0,2025-12-14 11:22:51,,
55,18066438425161876,95,ğŸ˜ğŸ˜ğŸ˜ğŸ˜,meirim.baltabay,,0,2025-12-14 08:16:15,,
56,18074247089463197,95,ğŸ˜ğŸ˜ğŸ˜ğŸ˜,medet__satbayev,,0,2025-12-14 07:05:30,,
57,18096783577843399,95,â¤ï¸â¤ï¸â¤ï¸â¤ï¸,medet__satbayev,,0,2025-12-14 07:05:32,,
58,18089054539958124,95,ğŸ”¥ğŸ”¥ğŸ”¥,shukirbaevasaule,,0,2025-12-15 10:23:02,,
59,18086658922989865,95,"Ğ¡Ğ¿Ğ°ÑĞ¸Ğ±Ğ¾ Ğ·Ğ° Ñ‚Ğ¾ Ñ‡Ñ‚Ğ¾ , Ñ‚Ñ‹ Ğ²ÑĞµĞ¼ Ğ½Ğ°Ğ¼ Ğ´Ğ°Ğ»Ğ° ÑÑ‚Ñƒ ÑĞ¼ĞµĞ»Ğ¾ÑÑ‚ÑŒ) Ğ¸ Ğ½Ğ¾Ğ²ÑƒÑ ÑƒĞ²ĞµÑ€ĞµĞ½Ğ½Ğ¾ÑÑ‚ÑŒ Ğ² Ğ·Ğ°Ğ²Ñ‚Ñ€Ğ°ÑˆĞ½ĞµĞ¼ Ğ´Ğ½Ğµ Ğ±ĞµĞ· Ñ‚Ñ€ĞµĞ²Ğ¾Ğ¶Ğ½Ğ¾ÑÑ‚Ğ¸, Ğ±ĞµĞ· ÑÑƒĞµÑ‚Ñ‹) Ğ´Ğ° Ñƒ Ğ½Ğ°Ñ Ğ¿Ğ¾ĞºĞ° Ğ½ĞµÑ‚ Ğ±Ğ¾Ğ»ÑŒÑˆĞ¸Ñ… Ğ´Ğ¾Ñ…Ğ¾Ğ´Ğ¾Ğ² ĞºĞ°Ğº Ñ€Ğ°Ğ½ÑŒÑˆĞµ, Ğ½Ğ¾ ĞºĞ°ĞºĞ¾Ğµ ĞµÑÑ‚ÑŒ Ğ²Ğ½ÑƒÑ‚Ñ€ĞµĞ½Ğ½ĞµĞµ ÑĞ¿Ğ¾ĞºĞ¾Ğ¹ÑÑ‚Ğ²Ğ¸Ğµ Ğ¸ ÑÑ‡Ğ°ÑÑ‚ÑŒĞµ Ğ¾Ñ‚ ÑĞµĞ³Ğ¾Ğ´Ğ½ÑÑˆĞ½ĞµĞ³Ğ¾ Ğ´Ğ½Ñ, Ğ¸ ÑĞ¾Ğ»Ğ½Ñ†Ğµ Ğ² Ğ·Ğ°Ğ²Ñ‚Ñ€Ğ°ÑˆĞ½ĞµĞ¼ Ğ´Ğ½Ğµ! Ğ­Ñ‚Ğ¾ Ñ‚Ğ°ĞºĞ¾Ğµ ÑÑ‡Ğ°ÑÑ‚ÑŒĞµ, Ğ½Ğµ Ğ³Ğ¾Ğ½ÑÑ‚ÑŒ Ñ‚Ğ°Ñ€Ğ°ĞºĞ°Ğ½Ğ¾Ğ² Ğ¿Ğ¾ Ğ³Ğ¾Ğ»Ğ¾Ğ²Ğµ, Ğ½Ğµ Ñ€Ğ°Ğ·Ğ³Ğ¾Ğ²Ğ°Ñ€Ğ¸Ğ²Ğ°Ñ‚ÑŒ Ñ ÑĞ¾Ğ±Ğ¾Ğ¹ ÑÑƒÑ‚ĞºĞ°Ğ¼Ğ¸, Ğ° Ğ¿Ñ€Ğ¾ÑÑ‚Ğ¾ Ğ¶Ğ¸Ñ‚ÑŒ Ğ¸ Ğ´ĞµĞ»Ğ¸Ñ‚ÑŒÑÑ Ñ Ğ»ÑĞ´ÑŒĞ¼Ğ¸ Ğ´ĞµĞ¹ÑÑ‚Ğ²Ğ¸Ñ‚ĞµĞ»ÑŒĞ½Ğ¾ Ñ‡Ñ‚Ğ¾ Ñ‚ĞµĞ±Ğµ Ğ½Ñ€Ğ°Ğ²Ğ¸Ñ‚ÑÑ Ğ¸ Ğ´Ğ¾Ñ€Ğ¾Ğ³Ğ¾â¤ï¸",kemenova.energy,,2,2025-12-14 07:18:45,,
60,17849305470610311,16,Yummy,foodandfashinnash,,0,2025-12-13 18:47:42,,
61,18051063755692583,100,ğŸ”¥ğŸ”¥ğŸ”¥,viktoriazonenko13,,0,2025-12-10 17:08:17,,
62,18438857563098999,100,ğŸ”¥ğŸ”¥ğŸ”¥,zarushka__,,0,2025-12-10 16:28:04,,
63,18079311494332041,100,ğŸ™ŒğŸ™ŒğŸ™Œ,elmiraa_tlekkyzy,,0,2025-12-10 21:08:29,,
64,17865901779530590,100,ğŸ”¥ğŸ”¥ğŸ”¥,shukirbaevasaule,,0,2025-12-11 09:00:15,,
65,18059685944277806,100,â¤ï¸â¤ï¸â¤ï¸,rimmayerkenova,,0,2025-12-10 16:23:11,,
66,17864592666455665,100,Ğ¡Ñ‹Ğ¹Ğ»Ñ‹Ò›,_aigul_82,,0,2025-12-15 00:00:33,,
67,17956064354901457,94,ğŸ˜ğŸ˜ğŸ˜ğŸ˜,didar_satayeva,,0,2025-12-14 18:32:38,,
68,17963851872007842,94,ğŸ˜ğŸ˜ğŸ˜,merey_asylbekovna,,0,2025-12-14 16:24:52,,
69,17856148887579468,94,ğŸ˜ğŸ˜ğŸ˜ğŸ˜,elmiraa_tlekkyzy,,0,2025-12-15 10:00:25,,
70,18099094876834122,94,ğŸ˜ğŸ˜ğŸ˜,aigul_adepbai,,0,2025-12-15 07:25:56,,
71,18075404207009942,94,ğŸ”¥ğŸ”¥ğŸ”¥,ai__naim,,0,2025-12-14 17:37:38,,
72,17963172782865304,94,ğŸ˜ğŸ˜ğŸ˜,aidanamrenova,,0,2025-12-14 18:20:18,,
73,17869980561482027,94,ğŸ˜ğŸ˜ğŸ˜,diva_tonuss,,0,2025-12-14 16:34:07,,
74,18095791843891315,94,ğŸ”¥ğŸ”¥ğŸ”¥ğŸ”¥,nazira_arystan1960,,0,2025-12-15 08:30:32,,
75,17925447276188012,94,ğŸ˜ğŸ˜ğŸ˜ğŸ˜,gulnaz.alibekkyzy,,0,2025-12-14 16:38:06,,
76,18063670853543988,94,â¤ï¸â¤ï¸â¤ï¸,asel_sultangazina,,0,2025-12-14 17:19:02,,
77,17926990419036129,97,ğŸ‘ğŸ˜ğŸ”¥,s.ayperi,,0,2025-12-13 07:19:20,,
78,18080633354515545,97,ğŸ˜ğŸ˜ğŸ˜ğŸ”¥ğŸ”¥ğŸ”¥,gulim_yerdimbek,,0,2025-12-13 07:56:37,,
79,18032640236541311,97,ğŸ”¥ğŸ”¥ğŸ”¥ğŸ”¥ğŸ˜,saltanat_daut_,,0,2025-12-13 10:05:23,,
80,17987197430873538,97,ğŸ˜ğŸ˜ğŸ˜ğŸ˜ğŸ˜,meirim.baltabay,,0,2025-12-13 06:48:13,,
81,18098947525834758,97,ğŸ˜ğŸ˜ğŸ˜,ai__naim,,0,2025-12-13 06:57:56,,
82,18083322754886527,97,ğŸ˜ğŸ˜ğŸ˜ğŸ˜,aigul_adepbai,,0,2025-12-13 09:14:41,,
83,17954118312025953,97,ğŸ”¥ğŸ”¥ğŸ”¥ğŸ”¥ğŸ”¥ğŸ”¥ğŸ”¥,saule_yegetay,,0,2025-12-13 09:54:39,,
84,17989792166745859,97,ğŸ˜ğŸ˜ğŸ˜ğŸ˜,manara_syzdykova,,0,2025-12-13 07:06:44,,
85,18069254600454849,97,ğŸ”¥ğŸ”¥ğŸ”¥,merey_asylbekovna,,0,2025-12-13 12:10:06,,
86,17917724277231860,97,ğŸ”¥ğŸ”¥ğŸ”¥ğŸ”¥,sabina.xudeybezdiet,,0,2025-12-13 06:20:32,,
87,18032311307759670,8,Aik bat mujhai bhi gift karday please,itx_sameeer._,,0,2025-12-14 07:49:03,,
88,17908901595277346,84,ğŸ”¥,yousefabujazar2,,0,2025-12-14 16:47:09,,
89,17907052812141757,84,"Flynas Customer Relations â€” your website listed my 14 Dec Nairobi departure as Terminal 1C, but the flight actually departed from Terminal 1A. Because of this incorrect information, I missed the flight. This was entirely due to Flynasâ€™ error, not passenger fault.

I require:
	1.	Written confirmation that the flight departed from Terminal 1A (for Trip.com compensation), and
	2.	Confirmation that my remaining Ammanâ€“Nairobi segment on 26/27 Dec will be honored with no penalty.

Booking ID: PCZRFJ. Please respond within 48 hours or I will escalate to aviation authorities",yutoloh,,0,2025-12-14 05:08:37,,
90,18076419701211905,84,"I am deeply frustrated regarding an incident I had today that resulted to miss my flight to Georgia. I request an urgent investigation and appropriately action regarding the conduct of flynas representative and the subsequent lack of assistance from flynas team and supervisor. The flynas supervisor at King Abdulaziz Airport Jeddah was very rude to us , extremely disrespectful and very unprofessional. We Recieved the boarding pass but wasnâ€™t allowed to fly due to the procedural delay by the flynas representative .",sana.shihabb,,0,2025-12-13 09:25:36,,
91,18144134926445745,84,"PLEASE RESPOND, MY LUGGAGE WAS LOST ON A FLYNAS FLIGHT. IT'S BEEN 6 WEEKS AND THERE'S BEEN NO RESPONSE FROM YOU.",fikramnursyawal,,0,2025-12-14 11:48:17,,
92,18061455530258971,84,Worst airlines ever..very poor customer service,sana.shihabb,,0,2025-12-15 18:50:55,,
93,18102860125776719,62,ğŸ¥‡âœˆï¸ğŸƒâ€â™‚ï¸,jadon_frederick,,0,2025-12-13 19:17:33,,
94,17906170326151161,62,Woot!! @darnellcolemusic I could come see you!!!,hearmetravel,,1,2025-12-14 09:44:14,,
95,18085379438088596,7,"",eurambler,,1,2025-12-14 13:58:55,,
96,18063127481539605,7,Great! ğŸ‘,planespotting.747,,1,2025-12-14 06:44:53,,
97,17931197112011946,99,ğŸ˜ğŸ˜ğŸ˜,janisbek_elmira,,0,2025-12-10 17:38:51,,
98,17934637704104771,99,ğŸ˜ğŸ˜ğŸ˜,meirim.baltabay,,0,2025-12-10 15:51:53,,
99,18153180370422654,99,ğŸ˜ğŸ˜ğŸ˜ğŸ˜,elmiraa_tlekkyzy,,0,2025-12-10 15:44:31,,
100,18195725428335496,99,ğŸ”¥ğŸ”¥ğŸ”¥,bekbaevagulsim1960,,0,2025-12-10 17:35:33,,
101,18062722607206667,99,ğŸ˜ğŸ˜ğŸ˜ğŸ˜ğŸ˜,zhaina_uzdenbayeva,,0,2025-12-10 15:54:21,,
102,17991261050863143,99,ğŸ”¥ğŸ”¥ğŸ”¥ğŸ”¥,elmiraa_tlekkyzy,,0,2025-12-10 15:44:32,,
103,17851917117598736,99,ğŸ‘ğŸ‘ğŸ‘,adilet__satbayev,,0,2025-12-10 17:07:49,,
104,18077498486219145,99,ğŸ˜ğŸ˜ğŸ˜ğŸ˜ğŸ˜ğŸ‘,zhanat_shoshakhova,,0,2025-12-10 15:45:17,,
105,18072220853073529,99,ğŸ˜ğŸ˜ğŸ˜ğŸ˜,asiiakizatova,,0,2025-12-11 03:46:38,,
106,18052681763678671,99,â¤ï¸â¤ï¸â¤ï¸â¤ï¸â¤ï¸,elmiraa_tlekkyzy,,0,2025-12-10 15:44:36,,
107,18053004299352286,96,â¤ï¸â¤ï¸â¤ï¸,rimmayerkenova,,0,2025-12-13 13:33:30,,
108,17903149989317226,83,@hanane_blh1 ğŸ˜,maria_ra233,,3,2025-12-13 20:18:18,,
109,17916703935228568,83,ğŸ™ŒğŸ™Œ,tala_jandali,,1,2025-12-14 06:56:50,,
110,18299402920286153,83,ğŸ˜ğŸ˜,mohammed_mustkim_11,,1,2025-12-13 19:42:52,,
111,18084543500038489,83,ğŸ˜ğŸ˜ğŸ˜ğŸ˜ğŸ˜,qater_ennada_,,1,2025-12-14 11:57:02,,
112,17920371204209750,83,â¤ï¸,shifa.tour,,1,2025-12-13 19:53:34,,
113,17945461845089907,83,â¤ï¸,brave1832,,1,2025-12-14 11:50:55,,
114,18106706281657161,83,You are all beautifulâ¤ï¸and the most beautiful thing about you is your innocenceğŸ¥°May God protect you,wasmel6,,2,2025-12-14 06:35:06,,
115,18069916697383252,83,@hanane_blh1 â¤ï¸â¤ï¸ğŸ’ªğŸ»ğŸ’ªğŸ»ğŸ˜˜ğŸ˜˜,xx_m_i_l_i_xx,,1,2025-12-14 06:15:52,,
116,18545171053038669,83,The kindest and most wonderful and beautiful flight attendant you haveğŸ˜ god bless you dear @hanane_blh1,alaa_bijoux_,,3,2025-12-13 21:00:14,,
117,17934598017132898,83,So proud of you You truly shine in the sky â¤ï¸â¤ï¸â¤ï¸,fadila___sahraoui,,1,2025-12-14 07:57:30,,
