id,post_id,shortcode,post_url,owner_username,owner_id,caption,post_type,likes_count,comments_count,timestamp,collected_at,source,ai_results
1,3788078867635018642,DSR9aj2jJuS,https://www.instagram.com/p/DSR9aj2jJuS/,worldtripdeal,49661807690,"ğ‘¨ğ’ğ’ğ’•ğ’‰ğ’†ğ’“ ğ’‰ğ’‚ğ’‘ğ’‘ğ’š ğ’“ğ’†ğ’•ğ’–ğ’“ğ’ğ’Šğ’ğ’ˆ ğ’„ğ’ğ’Šğ’†ğ’ğ’•, ğ’‚ğ’ğ’… ğ’˜ğ’† ğ’„ğ’ğ’–ğ’ğ’…ğ’â€™ğ’• ğ’ƒğ’† ğ’‘ğ’“ğ’ğ’–ğ’…ğ’†ğ’“.
ğ‘»ğ’‰ğ’†ğ’“ğ’†â€™ğ’” ğ’ğ’ğ’•ğ’‰ğ’Šğ’ğ’ˆ ğ’ƒğ’†ğ’•ğ’•ğ’†ğ’“ ğ’•ğ’‰ğ’‚ğ’ ğ’”ğ’†ğ’†ğ’Šğ’ğ’ˆ ğ’ğ’–ğ’“ ğ’„ğ’ğ’Šğ’†ğ’ğ’•ğ’” ğ’„ğ’ğ’ğ’† ğ’ƒğ’‚ğ’„ğ’Œ ğ’”ğ’‚ğ’•ğ’Šğ’”ğ’‡ğ’Šğ’†ğ’…, ğ’„ğ’ğ’ğ’‡ğ’Šğ’…ğ’†ğ’ğ’•, ğ’‚ğ’ğ’… ğ’“ğ’†ğ’‚ğ’…ğ’š ğ’‡ğ’ğ’“ ğ’•ğ’‰ğ’†ğ’Šğ’“ ğ’ğ’†ğ’™ğ’• ğ’‹ğ’ğ’–ğ’“ğ’ğ’†ğ’š. ğ‘»ğ’‰ğ’‚ğ’ğ’Œ ğ’šğ’ğ’– ğ’‡ğ’ğ’“ ğ’•ğ’“ğ’–ğ’”ğ’•ğ’Šğ’ğ’ˆ ğ’–ğ’” ğ’‚ğ’ˆğ’‚ğ’Šğ’  ğ’‚ğ’ğ’… ğ’•ğ’‰ğ’Šğ’” ğ’Šğ’” ğ’˜ğ’‰ğ’š ğ’˜ğ’†â€™ğ’“ğ’† ğ’‘ğ’‚ğ’”ğ’”ğ’Šğ’ğ’ğ’‚ğ’•ğ’† ğ’‚ğ’ƒğ’ğ’–ğ’• ğ’˜ğ’‰ğ’‚ğ’• ğ’˜ğ’† ğ’…ğ’. 
ğŸ“ğ†eğ¨rğ iğš
ğŸ“Œğğ¨ğ¬ğ­ğğ ğ°ğ¢ğ­ğ¡ ğŸğ®ğ¥ğ¥ ğœğ¨ğ§ğ¬ğğ§ğ­ ğŸğ«ğ¨ğ¦ ğ­ğ¡ğ ğ©ğğ«ğ¬ğ¨ğ§ ğŸğğšğ­ğ®ğ«ğğ.

#emirates #rebranding #travel #uealifestyle #tourism #Internationaltravel #saudiarabia #flynas #emirates #quatarairways #airarabia #spain #europe #WorldCup2026  #Frequenttravelers #Businessclasstravel #italy #family #residency #iran #persian #follower #nonfollower #highlights #europewithkids #Asia #baku #trip #holiday #professional",Sidecar,6,0,2025-12-15 10:23:32,,hashtag,
2,3787895539329688739,DSRTuyECGSj,https://www.instagram.com/p/DSRTuyECGSj/,nni.photography,2973124391,A320neo #flynas,Image,5,0,2025-12-15 04:19:17,,hashtag,
3,3787594452467076574,DSQPRZEik3e,https://www.instagram.com/p/DSQPRZEik3e/,airkibris001,56343595208,"Uganda â¡ï¸ Somalia â¡ï¸ Saudi Arabia ğŸ—ºï¸

3 Ãœlke, 2 UÃ§uÅŸ, Tek Operasyon. Flynas A320neo ile IVAO World Tour'da bir bacaÄŸÄ± daha (Leg 42-43) yeÅŸile boyadÄ±k! ğŸŸ¢

#xplane12 #flightsimulator #aviation #avgeek #virtualpilot #flightsim #ivao #ivaoworldtour #ifrworldtour2025 #airbus #a320neo #tolissa320 #toliss #virtualaviation #simpilot#flynas #nasair #jeddah #jeddahairport #entebbe #uganda #mogadishu #somalia #saudiarabia #redsea #aviationdaily #wingview #cockpitview",Sidecar,7,0,2025-12-14 18:21:05,,hashtag,
4,3787313646112754689,DSPPbHxikwB,https://www.instagram.com/p/DSPPbHxikwB/,hagsjdhfnxhegsga,55748009058,"December 12, XY50 to Riyadh
After I put my baggage in the overhead compartment, a male flight attendant told me to put it at my feet. In our country, luggage is not allowed at your feet. It's illegal to do so. Despite my frantic explanation, the flight attendant tried to get me to put it at my feet, but instead dropped it on my child's lap, causing my child to scream in shock. Instead of apologizing, the flight attendant reported our behavior to another female flight attendant and yelled at my child. The female flight attendant gave us the choice of either getting off the plane or apologizing to him. We had no choice but to apologize, but he was the one who should be apologizing. In my country, forcing someone to apologize is a crime. And yelling at a child is also a crime. The male flight attendant yelled at the girl. Their actions are a crime, so I filed a police report in my country. My report was accepted, and Flynas will likely be advertised as a dangerous airline in my country. 
#flynas",Image,1,0,2025-12-14 09:03:10,,hashtag,
5,3787294896525830060,DSPLKR3Emes,https://www.instagram.com/p/DSPLKR3Emes/,wingsflap.tomy,4234804989,"ã‚¿ã‚¤ãƒˆãƒ«ãŒå…¥ã£ã¦ã‹ã‚‰ã‚„ã£ã¨ã‚»ãƒ³ãƒˆãƒ¬ã‚¢ã§æ’®å½±ã§ããŸXJã®flynasãƒã‚¤ãƒ–ãƒªãƒƒãƒ‰ã§ã™ã€‚
åˆ°ç€ã¯æ®‹å¿µãªãŒã‚‰é›¨ã§ã—ãŸãŒã€å‡ºç™ºã¯å…‰ãŒå·®ã—ã¦ãã‚ŒãŸã®ã§ãã“ãã“è¦‹ã‚Œã‚‹å†™çœŸã«ãªã‚Šã¾ã—ãŸã€‚

Thai AirAsia X
A330-343/HS-XTR (Green Prime Lively)
Chubu Centrair International Airport (RJGG/NGO)
14/DEC/2025
#é£›è¡Œæ©Ÿ #ã‚¿ã‚¤ã‚¨ã‚¢ã‚¢ã‚¸ã‚¢x #ã‚¨ã‚¢ãƒã‚¹a330 #ã‚»ãƒ³ãƒˆãƒ¬ã‚¢ #ãƒã‚¤ãƒ–ãƒªãƒƒãƒ‰å¡—è£… #flynas #aviationphoto #aviationspotter #é£›è¡Œæ©Ÿå¥½ããªäººã¨ç¹‹ãŒã‚ŠãŸã„",Sidecar,16,0,2025-12-14 08:25:55,,hashtag,
6,3787274239276299611,DSPGdrTDTVb,https://www.instagram.com/p/DSPGdrTDTVb/,airmaster_15,62743988072,"@flynas A320 NEO Zero visibility arrival into Lahore Airport 

#Flynas #flynas #A320neo #A320NEO #AirbusA320neo #Arrival #Landing #NeoPower #PlaneSpotting #PlaneSpotter #AvGeek #AviationLovers #AviationPhotography #AirportPhotography #AircraftSpotting #InstaAviation #InstaPlanes #PlaneGram #AviationDaily #AirlinePhotography #AirplaneLovers #JetLife #FlightSpotting #FinalApproach #RunwayShots #AviationReels #ReelsAviation #ViralAviation #SaudiAviation #middleeastaviation",Image,36,0,2025-12-14 07:44:53,,hashtag,
7,3787163158420106671,DSOtNPME62v,https://www.instagram.com/p/DSOtNPME62v/,tokoname_spotter,48191913322,"ã‚¿ã‚¤ãƒˆãƒ«ãŒå…¥ã£ãŸ ç·‘ã®ã‚¨ã‚¢ã‚¢ã‚¸ã‚¢ãŒã‚»ãƒ³ãƒˆãƒ¬ã‚¢ã«é£›æ¥ã—ã¾ã—ãŸâœ¨
HSXTR AirAsia X (Green Prime Livery)
â†“
rjgg/ngo
â†“
#a330#airasia #airasiax #flynas #ã‚»ãƒ³ãƒˆãƒ¬ã‚¢å†™çœŸéƒ¨ #sky_airplane_gallery",Sidecar,184,4,2025-12-14 04:04:11,,hashtag,
8,3786734554313567439,DSNLwOgjqzP,https://www.instagram.com/p/DSNLwOgjqzP/,mwaqas817,1451002269,"At Quick Premier League Official Account 

Season 1 Trophy Reveal Ceremony 

Organiser: Quick Travel Services
Sponsored By: flynas Ø·ÙŠØ±Ø§Ù† Ù†Ø§Ø³

#quicktravel #Flynas #cricket #action #TrophyReveal #ceremonyn",Image,1,1,2025-12-13 13:52:38,,hashtag,
9,3786571453694042271,DSMmqzOEWCf,https://www.instagram.com/p/DSMmqzOEWCf/,flyingbosnian_,14495299604,Mix of tails at Sarajevo International Airport  #sarajevoairport #flynas #flydubai #eurowings #ryanair #kuwaitairways #lufthansa #lotpolishairlines #austrianairlines #croatiaairlines #airplanetails #airplanespotting #sarajevo #planespotting #planespotters #flyingbosnian #visitsarajevo,Sidecar,40,0,2025-12-13 08:28:34,,hashtag,
10,3744882565102810350,DP4ftoKgbTu,https://www.instagram.com/p/DP4ftoKgbTu/,fourbears_shop,304587417,"âœ¨ Ready to take off with charm and style! âœ¨
Our adorable Flynas cabin crew teddy bear is all set for another sky-high adventure ğŸ›«ğŸ’™
Perfect for aviation lovers and collectors who dream of friendly skies! â˜ï¸ğŸ»

#FlynasCabinCrew #FlynasCrew #FlynasFlightAttendant #Flynas âœˆï¸
#CabinCrewLife #FlightAttendantLife #CrewLife #AviationLovers
#TeddyBearLove #AviationGifts #AviationCollectibles #TravelInStyle
#Airhostess #StewardessLife #TeddyBear #FourBearsShop #FourBears_Shop #FourBears",Image,12,0,2025-10-16 20:00:12,,hashtag,
11,3673449431456176283,DL6tsuOTlib,https://www.instagram.com/p/DL6tsuOTlib/,fourbears_shop,304587417,"âœˆï¸ Meet the Flynas teddy bears â€” ready for takeoff!
Thank you @ninamelizza for this adorable shot in uniform, giving our bears a first-class hug. ğŸ’™ğŸ§¸

#FlynasCabinCrew #FlynasCrew #FlynasFlightAttendant #Flynas âœˆï¸ 
#CabinCrewLife #FlightAttendantLife #CrewLife 
#TeddyBearLove #AviationGifts #AviationCollectibles #TravelInStyle #Airhostess #StewardessLife
#TeddyBear #FourBearsShop #FourBears_Shop #FourBears",Image,25,0,2025-07-10 06:35:18,,hashtag,
35,3763489835579875779,DQ6mhDNiCHD,https://www.instagram.com/p/DQ6mhDNiCHD/,dc_own_records,3159681703,#flynasâœˆï¸ #saudiarabia #travel,Image,2,0,2025-11-11 12:09:31,,hashtag,
67,3784055858305922072,DSDqsEcj3QY,https://www.instagram.com/p/DSDqsEcj3QY/,flynashville,3443230296,Senator Bill Hagerty and President and CEO Doug Kreulen proudly welcomed the executives from the Japan Football Association to Nashville International Airport. We hope to see you again soon.,Sidecar,107,0,2025-12-09 21:10:36,,user_profile,
12,3673062484209583492,DL5Vt5hIEWE,https://www.instagram.com/p/DL5Vt5hIEWE/,ensair_1988,64663764064,"Today was the next Flynas flight with special livery ğŸ˜Š. I like the colourful and fresh 320NEO planes. Thank you for waving and always happy landings.

#flynasâœˆï¸ #flynas #flynascrew #salzburg #salzburgairport #colourful #airbus320neo #airplane_lovers #instagrammaviation #instaplane #instaplanespotter #aviation #aviationfriends #aviationworld #aviationworld #aviationgeek #aviation4u #aviationdaily #aviationphotography #plane #planepics #planelovers #planespotter #wavingpilot #waving",Sidecar,20,4,2025-07-09 17:46:30,,hashtag,
13,3670902581110099002,DLxqnLAIcw6,https://www.instagram.com/p/DLxqnLAIcw6/,ensair_1988,64663764064,"Todays Flynas flight from Riyadh to Salzburg and return with this nice Airbus 320NEO and this cool livery. Very friendly waving pilots and hot weatherğŸ˜…. 

#flynas #flynasâœˆï¸ #flynascrew #salzburg #salzburgairport #airbus320neo #wavingpilot #waving #airplane_lovers #aviationfriends #aviationworld #aviationgeek #aviation4u #aviation #aviationdaily #airbusboeingaviation #instagrammaviation #instaplane #instaspotter #plane #planepics #planelovers #planespotter",Sidecar,27,6,2025-07-06 18:15:10,,hashtag,
14,3665053285518165487,DLc4ot-MEXv,https://www.instagram.com/p/DLc4ot-MEXv/,spotterinaction,40509335046,"#Airbus #airbusA320neo #a320251n #Flynas #HZNS32 #flynascabincrew #flynaspilot #flynascrew #planespotting #avgeekspotting #planespotters #spotters #crazyforplanes #airbuslovers #aviationphotography #instagramaviationphotography #instagramaviation #instagood #bestaviation4u #aviation4us #planelovers #planepics #Limc #Landing #milanairports

@flynas
@milanairports
@airbus",Sidecar,19,4,2025-06-28 16:33:40,,hashtag,
15,3639523934723049164,DKCL7xQswbM,https://www.instagram.com/p/DKCL7xQswbM/,photophactory.me,6767329225,"Grace in the golden hour with Gorgeous @stay_steele 
::
::
In Frame - @stay_steele 
Photos - @photophactory.me
::
::
#cabincrewlife #flightattendant #etihadcrew #dubaiâ¤ï¸ #photography #emiratescabincrew #photoshoot #emiratescrew ğŸ‘‘ #doha #flydubai #emiratesairline #dubaicrewgirls #globaltraveller #flydubaicrew #dohamakeup #goingplacestogether #qatarinstagram #dohainstagram #dohaphoto #globaltrotter #qatarphotography #flynascrew #qatarairwayscabincrew #qatarphotographer #dohaphotographer #Qatarairwayscrew #elinchrom #dohainstagram #pradeepkwijekoon",Sidecar,1979,45,2025-05-24 11:11:24,,hashtag,
16,3786587388986294922,DSMqSsHgIKK,https://www.instagram.com/p/DSMqSsHgIKK/,newheightscantina,74817445610,"Rise and dine â˜€ï¸ğŸ³ Our breakfast favorites are ready to fuel your morning before takeoff 

 #airportfood #flynashville #nashvilleeats",Sidecar,2,1,2025-12-13 09:00:14,,hashtag,
17,3785349297353787161,DSIQyFbjAcZ,https://www.instagram.com/p/DSIQyFbjAcZ/,threecasksnashville,10804390437,"Premium, crafted, and piled high with flavor. ğŸ”ğŸ”¥ Our burgers are the upgrade your travel day deserves. They pair perfectly with our locally made, fully Tennessee tap beer list! 

 #flynashville #airporteats #drinklocal",Sidecar,1,0,2025-12-11 16:00:22,,hashtag,
18,3784270756289715781,DSEbjPyjB5F,https://www.instagram.com/p/DSEbjPyjB5F/,markboxmusic,3601888984,"Will you be at BNA Nashville Airport Wednesday morning?  Me too!!! Iâ€™m playing our Ole Red location inside BNA on Wednesday 12/10/2025 from 8:30am - 12:30.  Come early! Stay late!  But donâ€™t miss your flight. Orâ€¦.do. ğŸ˜
#Nashville #OleRed #FlyNashville 
#BNA #BNAnews #BNAairport",Image,26,2,2025-12-10 04:17:30,,hashtag,
19,3781000614663646432,DR40AbEj2zg,https://www.instagram.com/p/DR40AbEj2zg/,newheightscantina,74817445610,"Housemade salsa, warm queso, creamy guac, the essentials. ğŸ¥‘ğŸŒ¶ï¸

Grab a bowl (or three) and dig in. The perfect start to any airport meal.

 #airportfood #nashvilleeats #flynashville",Sidecar,3,1,2025-12-05 16:00:18,,hashtag,
20,3778615076522385095,DRwVmRjDV7H,https://www.instagram.com/p/DRwVmRjDV7H/,threecasksnashville,10804390437,"Early flight? Long layover?  Dig into our breakfast favorites before you board and start your trip the right way! â˜€ï¸ğŸ³

 #flynashville #airporteats",Sidecar,0,0,2025-12-02 09:00:40,,hashtag,
21,3770914540041841916,DRU-suFjKz8,https://www.instagram.com/p/DRU-suFjKz8/,tnwhiskeytrail,555035635,"Skip the holiday mad dash through the airport this year. Select unique Tennessee gifts at @flynashville's Tennessee Whiskey Trail Trailhead Store near TSA after Security. Then, enjoy a spirited pour and delicious eats from @threecasksnashville in Concourse C, near Gate C-20. 

#TNWhiskeyTrail #TNwhiskey #Nashville #BNA #FlyNashville",Sidecar,-1,0,2025-11-21 18:01:05,,hashtag,
22,3770872086580379905,DRU1C8OD0EB,https://www.instagram.com/p/DRU1C8OD0EB/,threecasksnashville,10804390437,"Starting today through 1/4/26, buy any food item off our special menu and we'll donate $2 directly to No Kid Hungry! 

We're featuring a limited time brisket menu with house-smoked brisket made fresh each day and sliced to order! Try out our limited time brisket breakfast plate, sandwich and meat plus plate!

 #flynashville #airporteats",Sidecar,1,0,2025-11-21 16:36:44,,hashtag,
23,3769555137913240491,DRQJm0MkTur,https://www.instagram.com/p/DRQJm0MkTur/,fraportusa_tennessee,10807941406,"Cheers to Titans Press Box! Proud to celebrate with them being named a USA Today Best Airport Bar 2025. Hereâ€™s to great food, great drinks, and an even greater team.
.
.
.
#ShopDineBeNashville #FraportNashville #FlyNashville",Sidecar,19,0,2025-11-19 21:00:00,,hashtag,
24,3769510812810574209,DRP_hzOkXmB,https://www.instagram.com/p/DRP_hzOkXmB/,thetitanspressbox,59444561469,"Weâ€™re thrilled to share that @thetitanspressbox has been named the No. 1 Best Airport Bar of 2025 by @usatoday 10Best Readersâ€™ Choice! ğŸ†

Since our opening in September 2023 at Nashville International AirportÂ® (BNAÂ®), weâ€™ve invited travelers to â€œTravel Like a Titan,â€ and this incredible honor is a celebration of every guest, team member, and partner who makes it happen.

Thank you for your votes, your support and your travel miles. ğŸš€

.
.
.
.
.
.
.

#TitansPressBox #BestAirportBar #TravelLikeATitan #NashvilleEats #AirportDining #titanup #flynashville #usatoday",Sidecar,862,17,2025-11-19 19:32:07,,hashtag,
36,3618397696496163427,DI3IYirvtpj,https://www.instagram.com/p/DI3IYirvtpj/,bukhariflynasgsa,71447180504,"We are pleased to inform you that the Country Manager of Flynas Pakistan visited the Islamabad market to hold productive meetings with Hajj-focused and top-performing agents.

The visit aimed to strengthen partnerships, understand market trends, and boost coordination ahead of Hajj 2025. Valuable insights were exchanged, and agents expressed strong interest in supporting our upcoming plans and strategies. #foryoupagereels #fightcoronavirus #fypã‚·ã‚šviralã‚·fypã‚·ã‚šviralã‚·alã‚· #likeforfollow #fightagainstcoronavirus #flynas #flynasâœˆï¸ #flynasa #flynascrew #flynashville #flynasairlines #flynas_contest #flynascabincrew #flynasairlinesâœˆï¸ #flynascharter2017",Sidecar,4,0,2025-04-25 07:37:20,,hashtag,
37,3577764028204287142,DGmxW2HSYSm,https://www.instagram.com/p/DGmxW2HSYSm/,total_fly,47720628127,HURRY UP YOUR BOOKINGS  #emirates #flynasâœˆï¸ #airindiaexpress #indigo #akasa #airport ##crewlife #oman #saudiarabia #airindia #indigo #ethihadairways #delta #flydubai #flynas_contest,Image,5,0,2025-02-28 06:05:29,,hashtag,
25,3768151150458428073,DRLKYG_Ddqp,https://www.instagram.com/p/DRLKYG_Ddqp/,nashvillehistoryx,8223860959,"â€œPresident Kennedy greets guests at Vanderbiltâ€™s 90th anniversary convocation, 1963.â€

â€”

On May 18, 1963, Vanderbilt University and Dudley Field hosted John F. Kennedy, the 35th President of the United States. President Kennedy was in Nashville to commemorate the 90th anniversary of Vanderbilt University and to dedicate the construction of the Percy Priest Dam.

President Kennedy stepped off â€œAir Force Oneâ€ on Berry Field in the Metropolitan Airport at 10:35 a.m. This was the beginning of his three hours in Nashville. Thousands of men, women and children jammed the airport for the arrival, reaching for a presidential handshake and watching for the contagious smile of the chief executive.

The parade route was lined with flag-waving youngsters. Mayor Beverly Briley joined the motorcade for the 8-mile trek to the stadium. Other metro officials and councilmen had special buses to take them to the stadium where reserved seats were waiting. 

The mayor said he thought there were well over 200,000 people who saw the President during the day. Some 33,000 heard him speak at Vanderbilt University. Thousands more watched on television. 

President Kennedy arrived at Dudley Field at 11:10 a.m., and was driven straight onto the field next to a platform specially built for this occasion. Awaiting the president were dozens of dignitaries and Vanderbilt University officials. 

Upon leaving Dudley Field, the President was on his way to the governorâ€™s mansion for a luncheon. He was the first president to visit Tennesseeâ€™s executive mansion. President Kennedy met with several guests and then retreated to a private upstairs room for a shower and change of clothes. Lunch consisted of ham, chicken, asparagus, and strawberry shortcake.

The President was taken to Overton High School where an army helicopter was waiting for him. The helicopter flew JFK straight to Muscle Shoals, Alabama. â€” Commodore History Corner Archive

(Photo by Cecil Stoughton, White House / John F. Kennedy Presidential Library and Museum, Boston)

#presidentkennedy #nashvilletn #vanderbiltuniversity #nashvillehistory #nashvilletennessee #flynashville #nashvillenews #nashvilletn #historicnashville #nash",Image,524,6,2025-11-17 22:30:43,,hashtag,
26,3786814948442498288,DSNeCHYDeTw,https://www.instagram.com/p/DSNeCHYDeTw/,marmara.travel1,30365737882,"ğŸ•‹ğŸŒ™ Ø¹Ù…Ø±Ø© Ø´Ù‡Ø± Ø±Ù…Ø¶Ø§Ù† Ø§Ù„Ù…Ø¨Ø§Ø±ÙƒğŸŒ™ğŸ•‹
ÙŠØ³Ø± ÙˆÙƒØ§Ù„Ø© Ù…Ø±Ù…Ø±Ø© Ù„Ù„Ø£Ø³ÙØ§Ø± ÙˆØ§Ù„Ø³ÙŠØ§Ø­Ø© Ø£Ù† ØªÙ‚Ø¯Ù… Ù„Ø²Ø¨Ù†Ø§Ø¦Ù‡Ø§ Ø§Ù„ÙƒØ±Ø§Ù… Ø¹Ø±Ø¶ Ø®Ø§Øµ  Ø¨Ø´Ù‡Ø± Ø±Ù…Ø¶Ø§Ù† 2026 Ø¨Ø£Ø«Ù…Ù†Ø© Ø¬Ø¯ Ù…Ù†Ø§Ø³Ø¨Ø© Ù…Ø¹ Ø®Ø· Ù…Ø¨Ø§Ø´Ø± Ù…Ù† Ù…Ø·Ø§Ø± Ø·Ù†Ø¬Ø© Ø¥Ù„Ù‰ Ù…Ø·Ø§Ø± Ø§Ù„Ù…Ø¯ÙŠÙ†Ø© Ø§Ù„Ù…Ù†ÙˆØ±Ø©.

âœ“Ø®Ø·ÙˆØ· Ù…Ø¨Ø§Ø´Ø±Ø© Ù…Ø¹ ØªÙˆØ§Ø±ÙŠØ® Ù…ØªØ¹Ø¯Ø¯Ø©.
âœ“ ÙÙ†Ø§Ø¯Ù‚ Ù…ØªØ¹Ø¯Ø¯Ø© Ùˆ Ù…Ø®ØªÙ„ÙØ© Ø­Ø³Ø¨ Ø§Ø®ØªÙŠØ§Ø±ÙƒÙ… Ø¨Ù…ÙƒØ© Ø§Ù„Ù…ÙƒØ±Ù…Ø© ÙˆØ§Ù„Ù…Ø¯ÙŠÙ†Ø© Ø§Ù„Ù…Ù†ÙˆØ±Ø© .
 âœ“ØªØ£Ø´ÙŠØ±Ø© Ø§Ù„Ø¯Ø®ÙˆÙ„ Ø¥Ù„Ù‰ Ø§Ù„Ù…Ù…Ù„ÙƒØ© Ø§Ù„Ø³Ø¹ÙˆØ¯ÙŠØ© Ù…Ø¹ ØªØ£Ù…ÙŠÙ† Ø·Ø¨ÙŠ.
âœ“Ø§Ù„ØªÙ†Ù‚Ù„Ø§Øª Ø¯Ø§Ø®Ù„ Ø§Ù„Ù…Ù…Ù„ÙƒØ© Ø§Ù„Ø³Ø¹ÙˆØ¯ÙŠØ©.
âœ“Ø§Ù„Ù…Ø²Ø§Ø±Ø§Øª Ø¨Ù…ÙƒØ© ÙˆØ§Ù„Ù…Ø¯ÙŠÙ†Ø©.
âœ“ ØªØµØ±ÙŠØ­ Ø²ÙŠØ§Ø±Ø© Ø§Ù„Ø±ÙˆØ¶Ø© Ø§Ù„Ø´Ø±ÙŠÙØ© Ø­Ø³Ø¨ Ø§Ù„Ø¥Ù…ÙƒØ§Ù†ÙŠØ© .
âœ“Ù…Ø±Ø§ÙÙ‚ Ø¯ÙŠÙ†ÙŠ ÙˆØªÙ‚Ù†ÙŠ Ù…Ù† Ø§Ù„ÙˆÙƒØ§Ù„Ø© Ø·ÙŠÙ„Ø© Ù…Ø¯Ø© Ø§Ù„Ø±Ø­Ù„Ø©.

ğŸ“¿Ø±Ø­Ù„Ø§Øª Ø¹Ù…Ø±Ø© Ø·ÙŠÙ„Ø© Ø§Ù„Ø³Ù†Ø© Ù…Ø¹ Ø·ÙŠØ±Ø§Ù† Ù…Ø¨Ø§Ø´Ø± ğŸ“¿

-- Ù„Ù„Ø­Ø¬Ø² Ùˆ Ø§Ù„Ø§Ø³ØªÙØ³Ø§Ø± Ø§ØªØµÙ„Ùˆ Ø¨Ù†Ø§ Ø¹Ù„Ù‰ Ø§Ù„Ø§Ø±Ù‚Ø§Ù… Ø§Ù„ØªØ§Ù„ÙŠØ© :
06 61 85 04 01 -- 05 39 42 45 10
06 62 74 77 23 -- 06 62 74 77 29
06 62 74 77 58 -- 06 62 74 77 93
06 62 74 77 44 -- 06 17 98 04 51

-- ÙƒÙ…Ø§ ÙŠÙ…ÙƒÙ†ÙƒÙ… Ø²ÙŠØ§Ø±ØªÙ†Ø§ Ø¹Ù„Ù‰ Ø§Ù„Ø¹Ù†ÙˆØ§Ù† Ø§Ù„ØªØ§Ù„ÙŠ :
9ØŒ Ø§Ù‚Ø§Ù…Ø© ÙÙ„ÙˆØ±Ù†Ø³ÙŠØ§ Ø´Ø§Ø±Ø¹ Ø§Ù„Ø¬ÙŠØ´ Ø§Ù„Ù…Ù„ÙƒÙŠ ØŒ Ø·Ø±ÙŠÙ‚ Ø§Ù„Ø±Ø¨Ø§Ø· - Ø·Ù†Ø¬Ø©
ğŸ’¥ğŸ’¥ Ø³Ø§Ø±Ø¹Ùˆ Ø¨Ø§Ù„ØªØ³Ø¬ÙŠÙ„ Ø§Ù„Ù…Ù‚Ø§Ø¹Ø¯ Ø¬Ø¯ Ù…Ø­Ø¯ÙˆØ¯Ø©ğŸ’¥ğŸ’¥

#Ø¹Ù…Ø±Ø© #Ù…ÙƒØ©_Ø§Ù„Ù…ÙƒØ±Ù…Ø© #Ø§Ù„Ù…Ø¯ÙŠÙ†Ø©_Ø§Ù„Ù…Ù†ÙˆØ±Ø© #Ø§Ù„Ø­Ø±Ù…_Ø§Ù„Ù†Ø¨ÙˆÙŠ #Ø§Ù„Ø­Ø±Ù…_Ø§Ù„Ù…ÙƒÙŠ #Ø³ÙŠØ§Ø­Ø©  #Ø§Ø³ÙØ§Ø± #Ø§Ù„Ø®Ø·ÙˆØ·_Ø§Ù„Ø³Ø¹ÙˆØ¯ÙŠØ©
 #Ø±Ù…Ø¶Ø§Ù†_ÙƒØ±ÙŠÙ… #Ø§Ù„Ø®Ø·ÙˆØ·Ù€Ø§Ù„Ù…Ù„ÙƒÙŠØ©Ø§Ù„Ù…ØºØ±Ø¨ÙŠØ©
 #saudiairlines #saudiarabia #ramadankareem #flynasâœˆï¸ #omra #omra_moubaraka #mecca #almadinah_almunawarah #alhamdulilah #alkaaba #royalairmarocğŸ‡²ğŸ‡¦",Image,8,0,2025-12-13 16:32:21,,hashtag,
27,3785974319860429689,DSKe5XACDN5,https://www.instagram.com/p/DSKe5XACDN5/,5mtravelsolutions,35834629613,"âœˆï¸ ğ—™ğ—¹ğ˜† ğ—›ğ—¶ğ—´ğ—µ ğ˜„ğ—¶ğ˜ğ—µ ğŸ±ğ—  ğ—§ğ—¿ğ—®ğ˜ƒğ—²ğ—¹ ğ—¦ğ—¼ğ—¹ğ˜‚ğ˜ğ—¶ğ—¼ğ—»ğ˜€!
ğ—šğ—²ğ˜ ğ˜ğ—µğ—² ğ—¹ğ—¼ğ˜„ğ—²ğ˜€ğ˜ ğ—³ğ—®ğ—¿ğ—²ğ˜€ ğ—¼ğ—» ğ—±ğ—¼ğ—ºğ—²ğ˜€ğ˜ğ—¶ğ—° & ğ—¶ğ—»ğ˜ğ—²ğ—¿ğ—»ğ—®ğ˜ğ—¶ğ—¼ğ—»ğ—®ğ—¹ ğ—³ğ—¹ğ—¶ğ—´ğ—µğ˜ğ˜€ ğ˜„ğ—¶ğ˜ğ—µ ğ˜€ğ—ºğ—¼ğ—¼ğ˜ğ—µ, ğ—¿ğ—²ğ—¹ğ—¶ğ—®ğ—¯ğ—¹ğ—² ğ—¯ğ—¼ğ—¼ğ—¸ğ—¶ğ—»ğ—´ ğ˜€ğ—²ğ—¿ğ˜ƒğ—¶ğ—°ğ—²ğ˜€.
ğŸŒ ğ—¬ğ—¼ğ˜‚ğ—¿ ğ—·ğ—¼ğ˜‚ğ—¿ğ—»ğ—²ğ˜† ğ˜€ğ˜ğ—®ğ—¿ğ˜ğ˜€ ğ—µğ—²ğ—¿ğ—² ğ—•ğ—¼ğ—¼ğ—¸ ğ˜†ğ—¼ğ˜‚ğ—¿ ğ˜ğ—¶ğ—°ğ—¸ğ—²ğ˜ğ˜€ ğ˜ğ—¼ğ—±ğ—®ğ˜†!

ğŸ“ ğ—–ğ—¼ğ—»ğ˜ğ—®ğ—°ğ˜ ğ˜‚ğ˜€:
 ğŸ¬ğŸ¯ğŸ®ğŸ­-ğŸ®ğŸ°ğŸ­ğŸ¯ğŸ´ğŸ­ğŸ² 
ğŸ“ ğ—¦ğ˜‚ğ—¶ğ˜ğ—² ğŸ³ğŸ­ğŸ¯, ğŸ³ğ˜ğ—µ ğ—™ğ—¹ğ—¼ğ—¼ğ—¿, ğ—•ğ—®ğ—¹ğ—®ğ—± ğ—§ğ—¿ğ—®ğ—±ğ—² ğ—–ğ—²ğ—»ğ˜ğ—¿ğ—² ğ—•ğ—¹ğ—¼ğ—°ğ—¸ ğŸ¯, ğ—•ğ—®ğ—µğ—®ğ—±ğ˜‚ğ—¿ğ—®ğ—¯ğ—®ğ—±, ğ—ğ—®ğ—¿ğ—®ğ—°ğ—µğ—¶.
#airline #qatarairways #emiratesairlinesâœˆï¸ #pia #flyjinnah #flynasâœˆï¸ #ethopiaairlines #airarabia #internationaltravel #domestictravel #anytimeanywhere  #5mtravelsolutions",Image,1,0,2025-12-12 13:05:01,,hashtag,
28,3785801960541814764,DSJ3tM4En_s,https://www.instagram.com/p/DSJ3tM4En_s/,v__for_vign_esh,8435570425,"Uff ........

#travelphotography #traveling #travelblogger #travelrealindia #travel #flynasâœˆï¸ #saudiarabia #saudavel #travelphotography #insta",Image,18,0,2025-12-12 06:59:43,,hashtag,
29,3784352748154783801,DSEuMYqigg5,https://www.instagram.com/p/DSEuMYqigg5/,_aizaan_mhd_19,54724226728,"ğŸ‡¸ğŸ‡¦âœˆï¸fly
#flynasâœˆï¸ #newdestinationâœˆï¸ #riyadhinternationalairport",Sidecar,-1,3,2025-12-10 07:00:24,,hashtag,
30,3781597405872213168,DR67s4MjUyw,https://www.instagram.com/p/DR67s4MjUyw/,flynas,593372283,"Ø·ÙŠØ±Ø§Ù† ÙˆØ§Ø­Ø¯ØŒ ÙˆÙˆØ¬Ù‡Ø§Øª Ù…Ø§ Ù„Ù‡Ø§ Ù†Ù‡Ø§ÙŠØ© âœˆï¸
Ù…ØºØ§Ù…Ø±ØªÙƒ Ø§Ù„Ù‚Ø§Ø¯Ù…Ø© Ø¨Ø§Ù†ØªØ¸Ø§Ø±Ùƒâ€¦ 

Ø§Ø­Ø¬Ø² ØªØ°ÙƒØ±ØªÙƒ Ø§Ù„Ø¢Ù†!ğŸ¤©

#Ø·ÙŠØ±Ø§Ù†_Ù†Ø§Ø³âœˆï¸

-

One airline, endless destinations âœˆï¸ğŸ¤©

Your next adventure awaits, book your ticket now!

#flynasâœˆï¸",Image,86,7,2025-12-06 11:46:08,,hashtag,
31,3778172383547377937,DRuw8PliEkR,https://www.instagram.com/p/DRuw8PliEkR/,_iam_sehan,60033841046,"#flynasâœˆï¸ 

#aviationlovers #Kingdom
#instadailyğŸ˜âœŒï¸
#gobliss #saudiarabia",Sidecar,-1,0,2025-12-01 18:21:07,,hashtag,
32,3773202547326752878,DRdG7m7Aphu,https://www.instagram.com/p/DRdG7m7Aphu/,hazemkhaled36,13693517313,"Ù…Ø´ Ù‡ØªÙÙ‡Ù…Ù†Ù‰ ØºÙŠØ± Ø¨Ù…Ø²Ø§Ø¬Ù‰ğŸ–¤
#flynasâœˆï¸",Sidecar,11,0,2025-11-24 21:46:56,,hashtag,
33,3769543914752682547,DRQHDf0Eaoz,https://www.instagram.com/p/DRQHDf0Eaoz/,saudiskys,74450955100,"flynas HZ-NS52 (Year of Saudi Coffee) ğŸ‡¸ğŸ‡¦ 
Airbus A320-251N
#flynasâœˆï¸ #flynas #aviation #airplanespotted  #airplanespotting
#airplanespotter  #saudia #ÙÙ„Ø§ÙŠ_Ù†Ø§Ø³",Sidecar,33,1,2025-11-19 20:37:53,,hashtag,
34,3769162772979241976,DROwZJ4DdP4,https://www.instagram.com/p/DROwZJ4DdP4/,rekotravelor,74796501932,"Ù„Ù„Ù…Ø±Ø© Ø§Ù„Ø«Ø§Ù†ÙŠØ© Ø¹Ù„Ù‰ Ø§Ù„ØªÙˆØ§Ù„Ù‰ . Ø§Ù„Ø·ÙŠØ±Ø§Ù† Ù…Ø¹ Ø§Ø¬Ù…Ù„ Ø´Ø±ÙƒØ© Ø·ÙŠØ±Ø§Ù† flynas 
Ø§Ù„ÙˆØ¬Ø¨Ø© Ø¯Ù‡ Ø®ÙÙŠÙØ© ÙˆØ¬Ù…ÙŠÙ„Ø© .... Ø¨ØµØ±Ø§Ø­Ø© ÙƒÙ†Øª Ù†Ø§ÙŠÙ… ÙÙ‰ Ø§Ù„Ø·ÙŠØ§Ø±Ø© Ù„Ø§Ù†Ù‰ ÙƒÙ†Øª Ø¨Ø§ÙŠØª ÙÙ‰ Ø§Ù„Ù…Ø·Ø§Ø± Ø¹Ø´Ø§Ù† Ø§Ù„Ø·ÙŠØ§Ø±Ø© ÙƒØ§Ù† Ù…Ø¹Ø§Ø¯Ù‡Ø§ 9 ØµØ¨Ø§Ø­Ø§ 
ÙˆÙ…Ù„Ø­Ù‚ØªØ´ Ø§ÙØ·Ø± Ø¨Ø±ØºÙ… Ø§Ù† Ø§Ù„ÙØ·Ø§Ø± ÙƒØ§Ù† Ù…Ø¹Ø§ÙŠØ§ .. Ø¨Ø³ Ù†Ø³ÙŠØªÙˆØ§ ÙÙ‰ Ø§Ù„Ø´Ù†Ø·Ø© Ø§Ù„ÙƒØ¨ÙŠØ±Ø© Ø§Ù„Ù„Ù‰ Ø¯Ø§Ø®Ù„Ø© Ø¹Ù„Ù‰ Ø§Ù„Ø³ÙŠØ± .... 
Ù„ÙƒÙ† ÙÙ„Ø§Ù‰ Ù†Ø§Ø³ Ø¨Ù‚Ù‡ ... Ø´Ø±ÙƒØ© Ø§Ù„Ø·ÙŠØ±Ø§Ù† Ø§Ù„Ø¹Ø³Ù„ .. Ù‚Ø§Ù…ÙˆØ§ Ø¨Ø§Ù„ÙˆØ§Ø¬Ø¨ ÙˆØ§Ù„Ù„Ù‡ .... ÙˆÙƒÙ…Ø§Ù† Ø·Ù‚Ù… Ø§Ù„Ù…Ø¶ÙŠÙÙŠÙ† ÙˆÙ„Ø§Ø¯ ÙˆØ¨Ù†Ø§Øª Ø¨Ø¬Ø¯ ÙˆØ§Ù„Ù„Ù‡ Ù†Ø§Ø³ Ø¹Ø³Ù„ ÙƒØ¯Ù‡ ÙˆØ¯Ø§ÙŠÙ…Ø§ Ù…Ø¨ØªØ³Ù…ÙŠÙ† ÙˆÙ…Ø¨Ø³ÙˆØ·ÙŠÙ† ...... Ø·ÙŠØ±Ø§Ù† flynas Ø§Ø­Ù„Ù‰ Ø·ÙŠØ±Ø§Ù† ÙÙ‰ #Ø§Ù„Ø¹Ø§Ù„Ù… â¤

 #travel #Ø§Ù„Ø³Ø¹ÙˆØ¯ÙŠØ© #rekotraveler #flynas #flynasâœˆï¸",Image,0,0,2025-11-19 08:00:38,,hashtag,
38,3440930565865478127,C_ApB5rMhfv,https://www.instagram.com/p/C_ApB5rMhfv/,captain_abdullatif_spotting,56660946526,"Special livery lovers! âœˆï¸
Flynas ğŸ‡¸ğŸ‡¦ A320-251N HZ-NS35 â€œyear of Arabic calligraphy â€œ livery getting pulled into the gate at king Fahd international airport DMM/OEDF âœˆï¸

.

.

.

.

@flynas @airbus @dacoksa #airbus #airbuslovers #airbus320 #a320 #a320neo #a320family #a320lovers #airbus320neo #flynas #flynas_contest #flynasâœˆï¸ #saudi #saudiarabia #ksa #dammam #dmm #oedf #kingfahdinternationalairport",Image,43,0,2024-08-23 11:01:49,,hashtag,
39,3369536320145271194,C7C_248CSma,https://www.instagram.com/p/C7C_248CSma/,pakistani_cabincrew,57219781390,"Nazish Ch @free_life__01 is the Lead Cabin Crew in Flynas @flynas ğŸ‡¸ğŸ‡¦âœˆï¸ğŸ‡µğŸ‡°
.
.
.
.
.
.
#flynascabincrew #flynasâœˆï¸#flynasflightattendant #flynas #flynas_contest #flynas_crew #flynascrew #pursar #pakistanicrew #pakistaniairhostess #piacabincrew #pakistanicc #pakistaniflightattendant #pakistaniairhostess #pakistanicabincrew #vipcabincrew #vipflightattendant #cabincrewinterview #crew #cc #cabincrew #cabincrewlifestyle #cabincrewlife #cabincrewdubai #crewlife #cabincrewgirls #qatarairways #pakistaninternationalairlinesğŸ‡µğŸ‡°âœˆï¸ #airblue #Airsial #saudiarabiağŸ‡¸ğŸ‡¦",Image,324,12,2024-05-16 22:54:12,,hashtag,
40,3268498451401192923,C1cCgY4rrXb,https://www.instagram.com/p/C1cCgY4rrXb/,crewsdoll,5702478626,Fly with us this Holiday ğŸ’šğŸ’šğŸ’š #flynas #flyer #flynasâœˆï¸ #flynas_contest #flynas_contest #flynashville #flynascrew #flynascabincrew #flynasairlines #instragram #cabincrew #cabincrewlifestyle #crewlife #air #airhostess #happynewyear #happybirthday #happylife,Image,28,0,2023-12-29 13:10:00,,hashtag,
41,3262433598344564883,C1GfhKUoJCT,https://www.instagram.com/p/C1GfhKUoJCT/,avgeek_iiap,22665746104,"Flynas AirBus 320 NEO HZ-NS33ğŸ‡¸ğŸ‡¦âœˆï¸ğŸ‡µğŸ‡° in Islamabad International Airport âœˆï¸âœˆï¸âœˆï¸
@flynas 
@flynas.maroc 
@flynas_kg 
#flynas #flynasâœˆï¸ #flynas_contest #flynashville #islamabadgram #islamabadairport #instalove #islamabadinternationalairport #iiap #islamabad #aviation #avgeek #a320 #aviationdaily #aviator #aviacao #avgeeks #avgeekspotting #airbus #aviationphotography #hzns33 #beauty #beautyofpakistan #beautiful #pakistan #trending #travelphotography #trendingreels #viral 
@avgeek_iiap",Image,113,4,2023-12-21 04:20:13,,hashtag,
42,3237827839437434582,CzvE0Plie7W,https://www.instagram.com/p/CzvE0Plie7W/,pakistani_cabincrew,57219781390,"Maham Ateeq Sheikh @mahamateeqsheikhh is the cabin Crew in Flynas @flynas ğŸ‡¸ğŸ‡¦âœˆï¸ğŸ‡µğŸ‡°
.
.
.
.
.
.
#flynascabincrew #flynasâœˆï¸#flynasflightattendant #flynas #flynas_contest #flynas_crew #flynascrew #pursar #pakistanicrew #pakistaniairhostess #piacabincrew #pakistanicc #pakistaniflightattendant #pakistaniairhostess #pakistanicabincrew #vipcabincrew #vipflightattendant #cabincrewinterview #crew #cc #cabincrew #cabincrewlifestyle #cabincrewlife #cabincrewdubai #crewlife #cabincrewgirls #qatarairways #pakistaninternationalairlinesğŸ‡µğŸ‡°âœˆï¸ #airblue #Airsial #saudiarabiağŸ‡¸ğŸ‡¦",Image,146,7,2023-11-17 05:32:58,,hashtag,
43,3237815375148678892,CzvB-3UCP7s,https://www.instagram.com/p/CzvB-3UCP7s/,pakistani_cabincrew,57219781390,"Neelam Javed @neelamjavedjaved is the Cabin Crew in Flynas @flynas ğŸ‡¸ğŸ‡¦âœˆï¸ğŸ‡µğŸ‡°
.
.
.
.
.
.
 #pursar #pakistanicrew #pakistaniairhostess #piacabincrew #pakistanicc #pakistaniflightattendant #pakistaniairhostess #pakistanicabincrew #vipcabincrew #vipflightattendant #cabincrewinterview #crew #cc #cabincrew #cabincrewlifestyle #cabincrewlife #cabincrewdubai #crewlife #cabincrewgirls #qatarairways #pakistaninternationalairlinesğŸ‡µğŸ‡°âœˆï¸ #airblue #airsialâ­ï¸ #flynascabincrew #flynasâœˆï¸ #flynasflightattendant #flynas #flynas_contest #flynas_crew #flynascrew",Image,97,3,2023-11-17 05:08:12,,hashtag,
44,3237808586097273494,CzvAcEhCaqW,https://www.instagram.com/p/CzvAcEhCaqW/,pakistani_cabincrew,57219781390,"SQ Chandio @ahmerabiyat.sd is the Flight Purser in Flynas @flynas ğŸ‡µğŸ‡°âœˆï¸ğŸ‡¸ğŸ‡¦ 
.
.
.
.
.
.
#flynascabincrew #flynasâœˆï¸ #flynasflightattendant #flynas #flynas_contest #flynas_crew #flynascrew #pursar #pakistanicrew #pakistaniairhostess #piacabincrew #pakistanicc #pakistaniflightattendant #pakistaniairhostess #pakistanicabincrew #vipcabincrew #vipflightattendant #cabincrewinterview #crew #cc #cabincrew #cabincrewlifestyle #cabincrewlife #cabincrewdubai #crewlife #cabincrewgirls #qatarairways #pakistaninternationalairlinesğŸ‡µğŸ‡°âœˆï¸ #airblue #Airsial #saudiarabiağŸ‡¸ğŸ‡¦",Image,218,10,2023-11-17 04:54:42,,hashtag,
45,3225828240073964899,CzEcbF0CD1j,https://www.instagram.com/p/CzEcbF0CD1j/,pakistani_cabincrew,57219781390,"Maria Awan @fabulicious_94 is the Cabin Crew in Flynas @flynas 
.
.
.
.
.
.
#flynascabincrew #flynasâœˆï¸ #flynasflightattendant #flynas #flynas_contest #flynas_crew #flynascrew  #pursar #pakistanicrew #pakistaniairhostess #piacabincrew #pakistanicc #pakistaniflightattendant #pakistaniairhostess #pakistanicabincrew #vipcabincrew #vipflightattendant #cabincrewinterview #crew #cc #cabincrew #cabincrewlifestyle #cabincrewlife #cabincrewdubai #crewlife #cabincrewgirls #qatarairways #pakistaninternationalairlinesğŸ‡µğŸ‡°âœˆï¸ #airblue #airsial",Image,107,3,2023-10-31 16:11:54,,hashtag,
46,3778909549236109820,DRxYjaojMH8,https://www.instagram.com/p/DRxYjaojMH8/,flystyle_ashgabat,3139278881,"""PREMIUM CARD""... Ğ Ñ‚Ñ‹ Ğ¿Ğ¾Ğ»ÑƒÑ‡Ğ¸Ğ» ÑĞ²Ğ¾Ñ???
GaraÅŸsyzlygyÅˆ 15 Ã½yllygy
 3 etaÅ¾ N326 (Surikow tarap).
GÃ¼lÃ¼stan russkiÃ½ bazar
 2 etaÅ¾ N31 N32
Ä°mo, link
+99365212078
Instagram:
@flystyle_ashgabat",Video,15,4,2025-12-02 20:01:01,,user_profile,
47,3748255416552544171,DQEenE3DFer,https://www.instagram.com/p/DQEenE3DFer/,flystyle_ashgabat,3139278881,"Ğ¤Ğ°ĞºÑ‚Ğ¸Ñ‡ĞµÑĞºĞ¸Ğ¹ Ñ„Ğ°ĞºÑ‚ ğŸ’šğŸ˜
Ğ ÑƒÑÑĞºĞ¸Ğ¹ Ğ±Ğ°Ğ·Ğ°Ñ€ 2 ÑÑ‚Ğ°Ğ¶ 31 32 Ğ¼Ğ°Ğ³Ğ°Ğ·Ğ¸Ğ½
ĞĞ¿Ñ‚Ğ¾Ğ²ĞºĞ° 3 ÑÑ‚Ğ°Ğ¶ ÑĞ¾ ÑÑ‚Ğ¾Ñ€Ğ¾Ğ½Ñ‹ Ğ¡ÑƒÑ€Ğ¸ĞºĞ¾Ğ²Ğ° 326
ĞŸĞ¾ Ğ²ÑĞµĞ¼ Ğ²Ğ¾Ğ¿Ñ€Ğ¾ÑĞ°Ğ¼ Ğ¾Ğ±Ñ€Ğ°Ñ‰Ğ°Ğ¹Ñ‚ĞµÑÑŒ Ğ² Ğ´Ğ¸Ñ€ĞµĞºÑ‚ 
@flystyle_ashgabat
Ä°MO:link
+99365212078",Video,20,0,2025-10-21 12:11:46,,user_profile,
48,3731543008455028047,DPJGph7De1P,https://www.instagram.com/p/DPJGph7De1P/,flystyle_ashgabat,3139278881,ĞšĞ°Ğº Ğ½Ğ°Ñ Ğ½Ğ°Ğ¹Ñ‚Ğ¸ Ğ½Ğ° Ğ¾Ğ¿Ñ‚Ğ¾Ğ²ĞºĞµ?,Video,15,0,2025-09-28 10:19:37,,user_profile,
49,3785171981004742593,DSHodytjJ_B,https://www.instagram.com/p/DSHodytjJ_B/,flystyle_ashgabat,3139278881,"Ğ£Ğ¶Ğµ Ğ² Ğ½Ğ°Ğ»Ğ¸Ñ‡Ğ¸Ğ¸.
Ğ ÑƒÑÑĞºĞ¸Ğ¹ Ğ±Ğ°Ğ·Ğ°Ñ€ 2 ÑÑ‚Ğ°Ğ¶ 31 32 Ğ¼Ğ°Ğ³Ğ°Ğ·Ğ¸Ğ½
ĞĞ¿Ñ‚Ğ¾Ğ²ĞºĞ° 3 ÑÑ‚Ğ°Ğ¶ ÑĞ¾ ÑÑ‚Ğ¾Ñ€Ğ¾Ğ½Ñ‹ Ğ¡ÑƒÑ€Ğ¸ĞºĞ¾Ğ²Ğ° 326
ĞŸĞ¾ Ğ²ÑĞµĞ¼ Ğ²Ğ¾Ğ¿Ñ€Ğ¾ÑĞ°Ğ¼ Ğ¾Ğ±Ñ€Ğ°Ñ‰Ğ°Ğ¹Ñ‚ĞµÑÑŒ Ğ² Ğ´Ğ¸Ñ€ĞµĞºÑ‚ 
@flystyle_ashgabat
Ä°MO:link
+99365212078",Video,3,0,2025-12-11 10:21:14,,user_profile,
50,3780088334442610488,DR1kk_6DL84,https://www.instagram.com/p/DR1kk_6DL84/,flystyle_ashgabat,3139278881,"GaraÅŸsyzlygyÅˆ 15 Ã½yllygy
 3 etaÅ¾ N326 (Surikow tarap).
GÃ¼lÃ¼stan russkiÃ½ bazar
 2 etaÅ¾ N31 N32
Ä°mo, link
+99365212078
Instagram:
@flystyle_ashgabat
#flystyle #fly_style",Video,21,0,2025-12-04 10:25:54,,user_profile,
51,3776678028496381890,DRpdKg_jKfC,https://www.instagram.com/p/DRpdKg_jKfC/,flystyle_ashgabat,3139278881,"Ğ ÑƒÑÑĞºĞ¸Ğ¹ Ğ±Ğ°Ğ·Ğ°Ñ€ 2 ÑÑ‚Ğ°Ğ¶ 31 32 Ğ¼Ğ°Ğ³Ğ°Ğ·Ğ¸Ğ½
ĞĞ¿Ñ‚Ğ¾Ğ²ĞºĞ° 3 ÑÑ‚Ğ°Ğ¶ ÑĞ¾ ÑÑ‚Ğ¾Ñ€Ğ¾Ğ½Ñ‹ Ğ¡ÑƒÑ€Ğ¸ĞºĞ¾Ğ²Ğ° 326
ĞŸĞ¾ Ğ²ÑĞµĞ¼ Ğ²Ğ¾Ğ¿Ñ€Ğ¾ÑĞ°Ğ¼ Ğ¾Ğ±Ñ€Ğ°Ñ‰Ğ°Ğ¹Ñ‚ĞµÑÑŒ Ğ² Ğ´Ğ¸Ñ€ĞµĞºÑ‚ 
@flystyle_ashgabat
Ä°MO:link
+99365212078",Video,7,0,2025-11-29 17:02:02,,user_profile,
52,3774398032708941039,DRhWwNcjLTv,https://www.instagram.com/p/DRhWwNcjLTv/,flystyle_ashgabat,3139278881,"Ğ¡Ğ²Ğ¸Ñ‚ÑˆĞ¾Ñ‚Ñ‹ Ğ² Ğ½Ğ°Ğ»Ğ¸Ñ‡Ğ¸Ğ¸ 
Ğ ÑƒÑÑĞºĞ¸Ğ¹ Ğ±Ğ°Ğ·Ğ°Ñ€ 2 ÑÑ‚Ğ°Ğ¶ 31 32 Ğ¼Ğ°Ğ³Ğ°Ğ·Ğ¸Ğ½
ĞĞ¿Ñ‚Ğ¾Ğ²ĞºĞ° 3 ÑÑ‚Ğ°Ğ¶ ÑĞ¾ ÑÑ‚Ğ¾Ñ€Ğ¾Ğ½Ñ‹ Ğ¡ÑƒÑ€Ğ¸ĞºĞ¾Ğ²Ğ° 326
ĞŸĞ¾ Ğ²ÑĞµĞ¼ Ğ²Ğ¾Ğ¿Ñ€Ğ¾ÑĞ°Ğ¼ Ğ¾Ğ±Ñ€Ğ°Ñ‰Ğ°Ğ¹Ñ‚ĞµÑÑŒ Ğ² Ğ´Ğ¸Ñ€ĞµĞºÑ‚ 
@flystyle_ashgabat
Ä°MO:link
+99365212078",Video,14,0,2025-11-26 13:24:18,,user_profile,
53,3773005527354469180,DRcaIlxjGs8,https://www.instagram.com/p/DRcaIlxjGs8/,flystyle_ashgabat,3139278881,"Ğ¢Ğµ ÑĞ°Ğ¼Ñ‹Ğµ ÑˆÑ‚Ğ°Ğ½Ñ‹!!!! Ğ’ Ğ½Ğ°Ğ»Ğ¸Ñ‡Ğ¸Ğ¸ 
Ğ ÑƒÑÑĞºĞ¸Ğ¹ Ğ±Ğ°Ğ·Ğ°Ñ€ 2 ÑÑ‚Ğ°Ğ¶ 31 32 Ğ¼Ğ°Ğ³Ğ°Ğ·Ğ¸Ğ½
ĞĞ¿Ñ‚Ğ¾Ğ²ĞºĞ° 3 ÑÑ‚Ğ°Ğ¶ ÑĞ¾ ÑÑ‚Ğ¾Ñ€Ğ¾Ğ½Ñ‹ Ğ¡ÑƒÑ€Ğ¸ĞºĞ¾Ğ²Ğ° 326
ĞŸĞ¾ Ğ²ÑĞµĞ¼ Ğ²Ğ¾Ğ¿Ñ€Ğ¾ÑĞ°Ğ¼ Ğ¾Ğ±Ñ€Ğ°Ñ‰Ğ°Ğ¹Ñ‚ĞµÑÑŒ Ğ² Ğ´Ğ¸Ñ€ĞµĞºÑ‚ 
@flystyle_ashgabat
Ä°MO:link
+99365212078",Video,11,0,2025-11-25 08:11:18,,user_profile,
54,3761260204693130081,DQyrjpojAth,https://www.instagram.com/p/DQyrjpojAth/,flystyle_ashgabat,3139278881,"Ğ ÑƒÑÑĞºĞ¸Ğ¹ Ğ±Ğ°Ğ·Ğ°Ñ€ 2 ÑÑ‚Ğ°Ğ¶ 31 32 Ğ¼Ğ°Ğ³Ğ°Ğ·Ğ¸Ğ½
ĞĞ¿Ñ‚Ğ¾Ğ²ĞºĞ° 3 ÑÑ‚Ğ°Ğ¶ ÑĞ¾ ÑÑ‚Ğ¾Ñ€Ğ¾Ğ½Ñ‹ Ğ¡ÑƒÑ€Ğ¸ĞºĞ¾Ğ²Ğ° 326
ĞŸĞ¾ Ğ²ÑĞµĞ¼ Ğ²Ğ¾Ğ¿Ñ€Ğ¾ÑĞ°Ğ¼ Ğ¾Ğ±Ñ€Ğ°Ñ‰Ğ°Ğ¹Ñ‚ĞµÑÑŒ Ğ² Ğ´Ğ¸Ñ€ĞµĞºÑ‚ 
@flystyle_ashgabat
Ä°MO:link
+99365212078",Video,15,1,2025-11-08 10:41:35,,user_profile,
55,3758341646162089942,DQoT9CMDFfW,https://www.instagram.com/p/DQoT9CMDFfW/,flystyle_ashgabat,3139278881,"ĞšÑƒÑ€Ñ‚ĞºĞ¸ ÑƒĞ¶Ğµ Ğ² Ğ½Ğ°Ğ»Ğ¸Ñ‡Ğ¸Ğ¸ 
Ğ ÑƒÑÑĞºĞ¸Ğ¹ Ğ±Ğ°Ğ·Ğ°Ñ€ 2 ÑÑ‚Ğ°Ğ¶ 31 32 Ğ¼Ğ°Ğ³Ğ°Ğ·Ğ¸Ğ½
ĞĞ¿Ñ‚Ğ¾Ğ²ĞºĞ° 3 ÑÑ‚Ğ°Ğ¶ ÑĞ¾ ÑÑ‚Ğ¾Ñ€Ğ¾Ğ½Ñ‹ Ğ¡ÑƒÑ€Ğ¸ĞºĞ¾Ğ²Ğ° 326
ĞŸĞ¾ Ğ²ÑĞµĞ¼ Ğ²Ğ¾Ğ¿Ñ€Ğ¾ÑĞ°Ğ¼ Ğ¾Ğ±Ñ€Ğ°Ñ‰Ğ°Ğ¹Ñ‚ĞµÑÑŒ Ğ² Ğ´Ğ¸Ñ€ĞµĞºÑ‚ 
@flystyle_ashgabat
Ä°MO:link
+99365212078",Video,18,2,2025-11-04 09:42:06,,user_profile,
56,3755280363888052710,DQdb5g5jAnm,https://www.instagram.com/p/DQdb5g5jAnm/,flystyle_ashgabat,3139278881,"Ğ”Ğ¶Ğ¸Ğ½ÑÑ‹.. ĞĞ±Ğ·Ğ¾Ñ€ Ğ½Ğ° Ğ½Ğ¾Ğ²Ñ‹Ğµ Ğ¿Ğ¾ÑÑ‚ÑƒĞ¿Ğ»ĞµĞ½Ğ¸Ñ...
Ğ ÑƒÑÑĞºĞ¸Ğ¹ Ğ±Ğ°Ğ·Ğ°Ñ€ 2 ÑÑ‚Ğ°Ğ¶ 31 32 Ğ¼Ğ°Ğ³Ğ°Ğ·Ğ¸Ğ½
ĞĞ¿Ñ‚Ğ¾Ğ²ĞºĞ° 3 ÑÑ‚Ğ°Ğ¶ ÑĞ¾ ÑÑ‚Ğ¾Ñ€Ğ¾Ğ½Ñ‹ Ğ¡ÑƒÑ€Ğ¸ĞºĞ¾Ğ²Ğ° 326
ĞŸĞ¾ Ğ²ÑĞµĞ¼ Ğ²Ğ¾Ğ¿Ñ€Ğ¾ÑĞ°Ğ¼ Ğ¾Ğ±Ñ€Ğ°Ñ‰Ğ°Ğ¹Ñ‚ĞµÑÑŒ Ğ² Ğ´Ğ¸Ñ€ĞµĞºÑ‚ 
@flystyle_ashgabat
Ä°MO:link
+99365212078",Video,13,1,2025-10-31 04:21:54,,user_profile,
57,3754782943240544013,DQbqzF0jF8N,https://www.instagram.com/p/DQbqzF0jF8N/,flystyle_ashgabat,3139278881,"ĞĞ±Ğ·Ğ¾Ñ€ Ğ½Ğ° Ğ½Ğ¾Ğ²Ñ‹Ğ¹ Ğ—Ğ˜ĞŸĞšĞ˜...
Ğ ÑƒÑÑĞºĞ¸Ğ¹ Ğ±Ğ°Ğ·Ğ°Ñ€ 2 ÑÑ‚Ğ°Ğ¶ 31 32 Ğ¼Ğ°Ğ³Ğ°Ğ·Ğ¸Ğ½
ĞĞ¿Ñ‚Ğ¾Ğ²ĞºĞ° 3 ÑÑ‚Ğ°Ğ¶ ÑĞ¾ ÑÑ‚Ğ¾Ñ€Ğ¾Ğ½Ñ‹ Ğ¡ÑƒÑ€Ğ¸ĞºĞ¾Ğ²Ğ° 326
ĞŸĞ¾ Ğ²ÑĞµĞ¼ Ğ²Ğ¾Ğ¿Ñ€Ğ¾ÑĞ°Ğ¼ Ğ¾Ğ±Ñ€Ğ°Ñ‰Ğ°Ğ¹Ñ‚ĞµÑÑŒ Ğ² Ğ´Ğ¸Ñ€ĞµĞºÑ‚ 
@flystyle_ashgabat
Ä°MO:link
+99365212078",Video,10,3,2025-10-30 12:29:46,,user_profile,
58,3788460093680135738,DSTUGIRjC46,https://www.instagram.com/p/DSTUGIRjC46/,flynashville,3443230296,"Know the Way at BNAÂ®! Initial work for the new bigger, better rental car facility and parking garage will continue this week, and we want to make sure our passengers and community are informed. From Monday, Dec. 15 to Friday, Dec. 19, there will be overnight partial and single-lane closures between 8 p.m. and 5 a.m. along the terminal roadways while crews conduct initial work for this new development that is part of New Horizon, our current growth and expansion plan. Only one lane will be closed at a time. Please watch for the work zone and follow signage if driving at the airport at night this week. Thank you for your cooperation and understanding as we build a world-class airport!

For more information about New Horizon, which will enable BNA to support 40 million annual passengers in the future, visit BNANewHorizon.com. #NewHorizon #KnowTheWay",Image,10,0,2025-12-15 23:01:03,,user_profile,
59,3788353637656516111,DSS74_YE1YP,https://www.instagram.com/p/DSS74_YE1YP/,flynashville,3443230296,"On the seventh day of flights, BNA gave to me... seven nonstop flights to capital cities and counting!

This holiday season, Santa wanted to experience the unique traditions different cities celebrate. What better way to do that than by visiting state capitals? With nonstop flights to state capitals across the country, you can join in on the festivities.

Don't forget to like, comment, and share for a chance to win our stocking giveaway!",Image,172,138,2025-12-15 19:29:34,,user_profile,
60,3787718741900204943,DSQriCoDRuP,https://www.instagram.com/p/DSQriCoDRuP/,flynashville,3443230296,Our BNA gear is airfield tested. Head over to @thebnashop to grab yours in time to put under the tree.,Image,68,1,2025-12-14 22:28:08,,user_profile,
61,3787582373140950383,DSQMhnUmO1v,https://www.instagram.com/p/DSQMhnUmO1v/,flynashville,3443230296,"On the sixth day of flights, BNA gave to me...six nonstop flights to Texas! ğŸâ­

Someone told Santa that the ""stars at night are big and bright deep in the heart of Texas,"" so he had to check it out for himself. You too can see the stars at night in Texas by flying nonstop to Dallas, Houston, Austin, and San Antonio. 

Don't forget to like, comment, and share for a chance to win the stocking giveaway.",Image,271,321,2025-12-14 17:57:12,,user_profile,
62,3786880243672619056,DSNs4STDRgw,https://www.instagram.com/p/DSNs4STDRgw/,flynashville,3443230296,"On the fifth day of Flights, BNA gave to meâ€¦ 5 GOLDEN RINGS! 
(Think Olympic sized rings ğŸ˜‰)
Santa says itâ€™s never too early to plan, and with five flights to Los Angeles and surrounding areas, your journey to the 2028 Summer Olympics starts at BNA! 

#BNA12daysofflights",Image,213,153,2025-12-13 18:42:12,,user_profile,
63,3786199956538472658,DSLSMziEzjS,https://www.instagram.com/p/DSLSMziEzjS/,flynashville,3443230296,"On the fourth day of flights, BNA gave to me...four nonstop flights to Canadian cities!

Santa couldnâ€™t wait until Christmas Eve to eat maple cookies, so he made stops in Toronto, Vancouver, Calgary, and Montreal to pick up all things maple he could fit in his sleigh. 

Each like, comment, and share is an entry into the stocking giveaway! 

#BNA12daysofflights",Image,302,336,2025-12-12 20:10:35,,user_profile,
64,3785408545454624691,DSIeQQhjQ-z,https://www.instagram.com/p/DSIeQQhjQ-z/,flynashville,3443230296,"On the third day of flights, BNA gave to me...three European adventures! 

Santaâ€™s feeling a little generous today, so heâ€™s sending us to London, Dublin, and Reykjavik because why stop at one?

And donâ€™t worry, we passed along your requests for more European options. He said heâ€™ll put it on his to-do list! 

Donâ€™t forget that every like, comment, and share gets you an entry into our stocking giveaway. 

#BNA12daysofflights",Image,654,764,2025-12-11 17:58:11,,user_profile,
65,3784696867562032696,DSF8b-1kY44,https://www.instagram.com/p/DSF8b-1kY44/,flynashville,3443230296,"On the second day of flights, BNA gave to me...two Tennessee vacations! 

Weâ€™re touching down in Memphis and Knoxville, where Santa is starting on the west side of the state to trade in his jingle bells for Beale Street blues and then heading east to learn Rocky Top in preparation for nonstop service from BNA in March 2026. 

Which @tnvacation are you choosing? 

Don't forget that each like, comment, and share = one entry into our stocking giveaway!",Image,284,124,2025-12-10 18:24:13,,user_profile,
66,3784091030581481989,DSDyr5LjRIF,https://www.instagram.com/p/DSDyr5LjRIF/,flynashville,3443230296,What better way to kick off our 12 Days of Flights than with carolers? Thank you to the American Caroling Company for helping us get in the holiday spirit.,Sidecar,137,4,2025-12-09 22:20:29,,user_profile,
68,3783960660086993245,DSDVCwMibFd,https://www.instagram.com/p/DSDVCwMibFd/,flynashville,3443230296,"On the first day of flights, BNAÂ® gave to me... one (hundred) nonstop destinations - and counting! 
First stop: Iceland - where the landscapes look magical enough to be Santa's second home. 

Follow along for all 12 days of flights for your chance to win a BNAÂ® stocking stuffed with goodies. Every like, comment, or share = one entry. 

See you tomorrow for day 2!  #BNA12daysofflights",Image,429,313,2025-12-09 18:01:30,,user_profile,
69,3783431000240704531,DSBcnMBjEwT,https://www.instagram.com/p/DSBcnMBjEwT/,flynashville,3443230296,"'Tis the season to take flight! ğŸ„ğŸ…ğŸ½âœˆï¸

Our 12 Days of Flights kicks off tomorrow, and each comment, like, and share is your ticket to win a BNA stocking stuffed with goodies. Day 1 lands tomorrow! 

#BNA12DaysofFlights",Image,160,21,2025-12-09 00:29:07,,user_profile,
70,3788235917509840696,DSShH78jM84,https://www.instagram.com/p/DSShH78jM84/,sharqilibrary,70121915461,"â¨	â¨	Ù„Ù„ØªÙ‚Ø¯ÙŠÙ… Ø§Ù„ØªÙˆØ§ØµÙ„ Ø¹Ù„Ù‰ Ø§Ù„ÙˆØ§ØªØ³ -Ø§Ù„Ø±Ø§Ø¨Ø· ÙÙŠ Ø§Ù„Ø¨Ø§ÙŠÙˆ- :ğŸ”¹0510533038ğŸ”¹ 0510532020 Ø£Ùˆ Ø§Ù„Ø­Ø¶ÙˆØ± Ù„Ù…ÙƒØªØ¨ Ø§Ù„Ù‚Ù„Ù… Ø§Ù„Ø´Ø±Ù‚ÙŠ
â–
#Ø§Ù„ÙƒÙ„ÙŠØ§Øª_Ø§Ù„ØªÙ‚Ù†ÙŠØ© #ITC #Ø¹Ù„ÙˆÙ…_Ø§Ù„Ø·ÙŠØ±Ø§Ù† #Ø§Ù„ÙƒÙ„ÙŠØ©_Ø§Ù„ØªÙ‚Ù†ÙŠØ© #Ø§Ù„ÙƒÙ„ÙŠØ©_Ø§Ù„ØªÙ‚Ù†ÙŠØ©_Ø§Ù„Ø¹Ø§Ù„Ù…ÙŠØ©_Ù„Ù„Ø·ÙŠØ±Ø§Ù† #ØµÙŠØ§Ù†Ø©_Ø§Ù„Ø·Ø§Ø¦Ø±Ø§Øª #Ø·Ø§Ø¦Ø±Ø© #Ø·Ø§Ø¦Ø±Ø©_Ø¨Ø¯ÙˆÙ†_Ø·ÙŠØ§Ø± #Ù…ÙŠÙƒØ§Ù†ÙŠÙƒØ§_Ø§Ù„Ø·ÙŠØ±Ø§Ù† #Ù…ÙŠÙƒØ§Ù†ÙŠÙƒØ§ #Ø·ÙŠØ±Ø§Ù† #Ø§ØªØµØ§Ù„Ø§Øª_Ø§Ù„Ø·ÙŠØ±Ø§Ù† #ØªØ¯Ø±ÙŠØ¨ #Ø±ØªØ¨Ø© #ÙˆÙƒÙŠÙ„ #ÙˆÙƒÙŠÙ„_Ø±Ù‚ÙŠØ¨ #Ø±Ù‚ÙŠØ¨ #Ø±Ù‚ÙŠØ¨_Ø§ÙˆÙ„ #ÙÙ†ÙŠ_ØµÙŠØ§Ù†Ø© #ÙÙ†ÙŠ_ØµÙŠØ§Ù†Ø©_Ø§Ù„Ø·Ø§Ø¦Ø±Ø§Øª #Ø¹Ø³ÙƒØ±ÙŠØ© #Ø¹Ø³ÙƒØ±ÙŠ #Ø§Ø¨ØªØ¹Ø§Ø« #Ø§Ù„Ù‚ÙˆØ§Ø¹Ø¯_Ø§Ù„Ø¹Ø³ÙƒØ±ÙŠØ© #Ù‡Ù†Ø¯Ø³Ø©_ØµÙŠØ§Ù†Ù‡_Ù‡ÙŠØ§ÙƒÙ„_ÙˆÙ…Ø­Ø±ÙƒØ§Øª_Ø§Ù„Ø·Ø§Ø¦Ø±Ø§Øªâœˆï¸ #Ø§Ù„Ø·ÙŠØ±Ø§Ù†_Ø§Ù„Ù…Ø¯Ù†ÙŠâ© #Ø³ÙŠØ§Ø­Ø©â©",Video,0,0,2025-12-15 15:37:10,,mentions,
71,3788207109729721149,DSSakunDJs9,https://www.instagram.com/p/DSSakunDJs9/,ahmad_alnufais,21198768,"*
Ù…Ù† Ø§Ù„ÙƒÙˆÙŠØª Ø¥Ù„Ù‰ Ø¬Ø¯Ø©â€¦
Ø±Ø­Ù„Ø© Ù…Ø¨Ø§Ø´Ø±Ø© ØªÙ‚Ø±Ù‘Ø¨ Ø§Ù„Ù…Ø³Ø§ÙØ©ØŒ ÙˆØªÙØªØ­ Ù„Ùƒ Ø£ÙƒØ«Ø± Ù…Ù† ÙˆØ¬Ù‡Ø© ğŸ©µâœˆï¸

Ù…Ø¹ Ø±Ø­Ù„Ø§Øª Flynas Ø§Ù„Ù…Ø¨Ø§Ø´Ø±Ø© Ù…Ù† Ø§Ù„ÙƒÙˆÙŠØª Ø¥Ù„Ù‰ Ø¬Ø¯Ø©ØŒ
ØªÙ‚Ø¯Ø± ØªØ¬Ù…Ø¹ Ø¨ÙŠÙ† Ø£Ø¯Ø§Ø¡ Ø§Ù„Ø¹Ù…Ø±Ø©ØŒ ÙˆØ§Ù„Ø§Ø³ØªÙ…ØªØ§Ø¹ Ø¨Ø¬Ø¯Ø© Ø¨Ø±ÙˆØ­Ù‡Ø§ØŒ Ø¨Ø­Ø±Ù‡Ø§ØŒ ÙˆØªØ§Ø±ÙŠØ®Ù‡Ø§.
@flynas 
Ø±Ø§Ø­Ø© ÙÙŠ Ø§Ù„Ø³ÙØ±ØŒ
ÙˆØªØ¬Ø±Ø¨Ø© Ù…ØªÙƒØ§Ù…Ù„Ø© Ù…Ù† Ø£ÙˆÙ„ Ø®Ø·ÙˆØ©.

https://www.flynas.com/ar/flights-from-kuwait-city-to-jeddah

#Ù†Ø£Ø®Ø°Ùƒ_Ù„Ø£Ø¨Ø¹Ø¯_Ù…Ø¯Ù‰",Video,3774,72,2025-12-15 14:43:25,,mentions,
72,3788126183452577180,DSSILGJDA2c,https://www.instagram.com/p/DSSILGJDA2c/,iahmedll_,45124765202,#Ø§Ù„Ø±ÙŠØ§Ø¶ #king_khaled_international_airport #Ù…Ø·Ø±,Video,2,0,2025-12-15 11:57:51,,mentions,
73,3787669338233507993,DSQgTH4DBCZ,https://www.instagram.com/p/DSQgTH4DBCZ/,hayalfassam,501702412,"â€¢
ØªØ´Ø±Ù‘ÙÙØª Ø¨Ù…Ø´Ø§Ø±ÙƒØªÙŠ ÙÙŠ Ù†Ø³Ø®Ø© Ù‡Ø°Ø§ Ø§Ù„Ø¹Ø§Ù… #Ø¹Ø§Ù…_Ø§Ù„Ø­Ø±Ù_Ø§Ù„ÙŠØ¯ÙˆÙŠØ©_2025 
 #Ø£Ø³Ø¨ÙˆØ¹_Ù…Ø³Ùƒ_Ù„Ù„ÙÙ†ÙˆÙ†2025 Ø¶Ù…Ù† #Ø³ÙˆÙ‚_Ø§Ù„ÙÙ†_ÙˆØ§Ù„ØªØµÙ…ÙŠÙ… ÙƒØ§Ù†Øª Ø¬Ù‡ÙÙˆØ¯Ù‹Ø§ Ø±Ø§Ø¦Ø¹Ø© ÙˆÙ…Ù„Ø­ÙˆØ¸Ø© ÙŠÙØ´ÙƒØ± Ø§Ù„ÙƒÙ„ Ø¹Ù„ÙŠÙ‡Ø§ Ù…Ù† Ø¬Ù…ÙŠØ¹ Ø§Ù„Ù…Ø³Ø¤ÙˆÙ„ÙŠÙ† ÙˆØ§Ù„Ù‚Ø§Ø¦Ù…ÙŠÙ† ÙˆØ§Ù„Ù…Ù†Ø¸Ù…ÙŠÙ† ÙˆÙ†Ø­Ù† Ø§Ù„ÙÙ†Ø§Ù†ÙŠÙ† Ø§Ù„Ù…Ø´Ø§Ø±ÙƒÙŠÙ† Ø³ÙØ¹Ø¯Ù†Ø§ Ø¨ØªÙˆØ§Ø¬Ø¯Ù†Ø§ ÙÙŠ Ù‡Ø°Ø§ Ø§Ù„Ø£Ø³Ø¨ÙˆØ¹ ÙˆØ¨ÙƒÙÙ„ Ù…Ø§ Ù‚Ø¯Ù…Ù†Ø§Ø› ÙƒÙ…Ø§ Ø£Ø´ÙƒØ± ÙƒÙ„ Ù…Ù† ÙƒØ§Ù† Ù„Ù‡Ù Ø¯ÙˆØ± ÙˆØ¯Ø¹Ù… ÙÙŠ Ø²ÙŠØ§Ø±Ø© Ù…Ø³Ø§Ø­ØªÙŠ Ø³Ø±Ù‘ÙÙ†ÙŠ Ø­Ø¶ÙˆØ±ÙƒÙ… Ù…Ø¹ Ø¹Ø·Ø§Ø¡ÙƒÙ… Ù…Ù† Ø®Ù„Ø§Ù„ Ø¬Ù…Ø§Ù„ ÙƒÙ„Ù…Ø§ØªÙƒÙ… Ø£Ùˆ Ø­ØªÙ‰ Ø§Ù‚ØªÙ†Ø§Ø¡ Ù…Ù…Ø§ Ø¹Ø±Ø¶Øª Ù„ÙƒÙÙ… ÙˆÙÙ‚Ù†Ø§ Ø§Ù„Ù„Ù‡ Ø¯ÙˆÙ…Ù‹Ø§ ÙˆÙŠØ§ÙƒÙ… â™¡

â€#MiskArtWeek2025 #ArtDesignMarket
â€¢",Image,4,0,2025-12-14 20:49:52,,mentions,
74,3787580976613222080,DSQMNStDubA,https://www.instagram.com/p/DSQMNStDubA/,mazaj.ix,44445271702,@flynas â™¥ï¸,Video,36,0,2025-12-14 17:55:46,,mentions,
75,3787513736442205022,DSP860ajNNe,https://www.instagram.com/p/DSP860ajNNe/,hamzaarain09,57120901081,"ğŸCricket Action AlertlğŸ

The stage is set for the
ğŸQuick Premier League S1âœ¨ï¸
""organized by âœˆï¸Quick Travel Servicesâœˆï¸. A big thanks to ğŸ©µ Flynas ğŸ©µ for sponsoring this magnificent event! Get ready for the big teams to clash on the pitch! 
.
Team âœˆï¸World Destination Onlineâœˆï¸ is excited to
participate, play, and enjoy this fantastic event
with everyone! Let the games begin.ğŸâœ¨ï¸ğŸ§¢
.
.
.
#CricketVibes 
#cricketleagueğŸ 
#turfcricketğŸ 
#Cricket tournament 
#Quicktravelagency
#Worlddestinationonline
#hamzaarain09 
#instagaram",Image,2,0,2025-12-14 15:40:43,,mentions,
76,3787343074347737056,DSPWHW9CF_g,https://www.instagram.com/p/DSPWHW9CF_g/,scenetraveller,45646897188,"@SceneTraveller: flynas has expanded its family-focused travel services with the launch of a dedicated â€œKids & Familyâ€ check-in counter at King Fahd International Airport in Dammam.

Designed to make airport journeys smoother for parents, the new counters feature clear family-friendly branding and aim to reduce queues for travellers with children, allowing them to start their trip with more ease and less waiting.

This rollout follows flynasâ€™ earlier launches of the same service at Riyadhâ€™s King Khalid International Airport last July and Jeddahâ€™s King Abdulaziz International Airport in Octoberâ€”making it the first airline in Saudi Arabia to introduce a countrywide family check-in experience.

For more travel news from across the Middle East, head to www.SceneTraveller.com or download the #SceneNow app (link in bio).",Image,-1,0,2025-12-14 10:02:21,,mentions,
77,3787139500707789715,DSOn0-OibuT,https://www.instagram.com/p/DSOn0-OibuT/,nkmngo2,48554627487,"Flynasã‚«ãƒ©ãƒ¼ã«Airasiaã®ãƒ­ã‚´ãŒå…¥ã‚Šè¦‹äº‹ãªãƒã‚¤ãƒ–ãƒªãƒƒãƒ‰ã‚«ãƒ©ãƒ¼ã«ãªã£ãŸHS-XTR
çŠ¶æ…‹ã®è‰¯ã„ã†ã¡ã«æ•ç²ã—ã¦ãŠã‘ã°ãƒ¬ã‚¸ç•ªå¨çš„ã«ã‚‚ä¸€å®‰å¿ƒã§ã™ã­

Thai Airasia X
Airbus A330-343
HS-XTR
Flynas Hybrid Lively

Locationï¼šNGO/RJGG
Taken dateï¼š2025.12.14

 #airplane
 #airplanespotting 
 #airplanephotos 
 #ã‚¿ã‚¤ã‚¨ã‚¢ã‚¢ã‚¸ã‚¢x
 #airasia
 #thaiairasiax
 #Airbus
 #airbusa330
 #hs_xtr
 #ä¸­éƒ¨å›½éš›ç©ºæ¸¯
 #centrair
 #nkmã‚»ãƒ³ãƒˆãƒ¬ã‚¢2025",Image,73,0,2025-12-14 03:17:11,,mentions,
78,3787109446179158585,DSOg_nxCPo5,https://www.instagram.com/p/DSOg_nxCPo5/,yasir.airways,1374535918,#cebupacific #flyadeal #flynas #airbus #boeing #a320 #b737 #aviation #leasedaircraft #planespotting #riyadh #saudia #asia #travel #foryou #planespotting #fyp #,Video,3,0,2025-12-14 02:19:10,,mentions,
79,3786865797877691826,DSNpmEmk3Wy,https://www.instagram.com/p/DSNpmEmk3Wy/,aircraft_capture,75521890940,"@flynas A320 spotted at @dxb
.
.
.
.
.
.
#airbus #aviationspotter #aviation #landing #aviationgeeks #aviationlovers #aviationlife #aviationdaily #flying #landing #runway #foryoupage #a320neo #a320family #a320lovers",Video,6,0,2025-12-13 18:18:17,,mentions,
80,3773816174303822481,DRfSdDlAMKR,https://www.instagram.com/p/DRfSdDlAMKR/,flynas,593372283,"Ù‡Ø°Ø§ Ø§Ù„Ø´ØªØ§Ø¡ØŒ Ø§Ø³ØªØ¹Ø¯Ù‘ Ù„Ø¬ÙˆÙ„Ø© Ø­ÙˆÙ„ Ø§Ù„Ø³Ø¹ÙˆØ¯ÙŠØ© Ù„Ø£Ù† #Ø´ØªØ§Ù†Ø§_Ù„ÙƒÙ„_Ø§Ù„Ù†Ø§Ø³ â„ï¸
ÙˆÙƒÙ„ ÙˆØ¬Ù‡Ø© Ù„Ù‡Ø§ Ù‚ØµØ© ØªÙØ±ÙˆÙ‰â€¦
ÙˆØªØ¨Ø¯Ø£ Ù…Ù† Ø§Ù„Ø³Ø¹ÙˆØ¯ÙŠØ© â€¦

Ø§Ø­Ø¬Ø² Ø±Ø­Ù„ØªÙƒ Ø¨Ø£ÙØ¶Ù„ Ø§Ù„Ø£Ø³Ø¹Ø§Ø±!

#Ø±ÙˆØ­_Ø§Ù„Ø³Ø¹ÙˆØ¯ÙŠØ©
#Ø­ÙŠÙ‘_Ø§Ù„Ø´ØªØ§Ø¡

-

Get ready this winter for a journey across Saudi Arabia 
Because itâ€™s our #WinterForAll â„ï¸
And every destination has a story to tellâ€¦
that starts in Saudi. 

Book your flight now with the best fares! 

#VisitSaudi
#WinterIsAlive",Image,63,25,2025-11-25 18:06:06,,user_profile,
81,3746999005189263790,DQAA74mDFGu,https://www.instagram.com/p/DQAA74mDFGu/,flynas,593372283,"Ø§ÙƒØªØ´Ù ÙˆØ¬Ù‡Ø§ØªÙ†Ø§ Ù„Ø´ØªØ§Ø¡ 2025 âœˆï¸â˜ƒï¸
Ù…ÙˆØ³Ù… Ø¬Ø¯ÙŠØ¯â€¦ ÙˆØªØ¬Ø§Ø±Ø¨ ØªÙ†ØªØ¸Ø±Ùƒ ÙÙŠ ÙƒÙ„ Ù…Ø¯ÙŠÙ†Ø© â„ï¸

#Ø´ØªØ§Ù†Ø§_Ù„ÙƒÙ„_Ø§Ù„Ù†Ø§Ø³â„ï¸â˜ƒï¸

-

Discover our Winter 2025 destinations âœˆï¸â˜ƒï¸
New season, new journeys, endless experiences â„ï¸

#WinterForAllâ„ï¸â˜ƒï¸",Sidecar,306,60,2025-10-19 18:05:11,,user_profile,
82,3788309042221333632,DSSxwCpALyA,https://www.instagram.com/p/DSSxwCpALyA/,flynas,593372283,"ÙÙŠ Ø­Ø§Ø¦Ù„ØŒ Ø¬ÙˆÙ„Ø© Ø±ÙˆØ§Ù† ÙƒØ§Ù†Øª Ø¨ÙŠÙ† Ø§Ù„Ø¬Ø¨Ø§Ù„ Ø§Ù„Ù„ÙŠ ØªØ­Ø±Ø³ Ø§Ù„Ù…Ø¯ÙŠÙ†Ø©ØŒ ÙˆÙ‡Ù†Ø§Ùƒ 
ØªØ³Ù„Ù‘Ù‚ØªØŒ ÙˆØ§Ø³ØªÙƒØ´ÙØªØŒ ÙˆØ¹Ø§Ø´Øª Ø­ÙƒØ§ÙŠØ§Øª Ø¨ÙŠÙ† Ù‚Ù„Ø§Ø¹Ù‡Ø§ ğŸ§—ğŸ»â€â™€ï¸ Ø­Ø§Ø¦Ù„ ÙˆØ¬Ù‡ØªÙƒ Ù„Ù…ØºØ§Ù…Ø±ØªÙƒ Ø§Ù„Ø¬Ø§ÙŠØ©ØŒ Ø§Ø­Ø¬Ø² ØªØ°ÙƒØ±ØªÙƒ Ø§Ù„ÙŠÙˆÙ…!

#Ø´ØªØ§Ù†Ø§_Ù„ÙƒÙ„_Ø§Ù„Ù†Ø§Ø³ â„ï¸â˜ƒï¸
#Ø±ÙˆØ­_Ø§Ù„Ø³Ø¹ÙˆØ¯ÙŠØ©
#Ø­ÙŠ_Ø§Ù„Ø´ØªØ§Ø¡

In Haâ€™il, Rawan walked where mountains guard the city and history meets the wind. She climbed, explored, and experienced tales found in forts and dunesğŸ‡¸ğŸ‡¦ğŸ§—ğŸ»â€â™‚ï¸
Make Hail your next adventure, and book your ticket now!

#WinterForAllâ„ï¸â˜ƒï¸ #VisitSaudi #WinterIsAlive",Image,31,0,2025-12-15 18:00:57,,user_profile,
83,3786907014219714642,DSNy92UAFBS,https://www.instagram.com/p/DSNy92UAFBS/,flynas,593372283,"Ø¯Ø¨ÙŠâ€¦ Ø·Ø§Ù‚Ø© ÙˆØªØ´ÙˆÙŠÙ‚ ÙÙŠ ÙƒÙ„ Ù„Ø­Ø¸Ø©! ğŸ¤©âœˆï¸
ÙˆØ£ÙƒÙŠØ¯ Ù…Ø¹ ÙˆØ±Ù‚ Ø§Ù„Ù„Ø¹Ø¨ Ù…Ù† #Ù…Ø¯ÙŠÙ†Ø©_Ø§Ù„Ù‚Ø¯ÙŠØ© Ø²Ø§Ø¯Øª Ø£Ø¬ÙˆØ§Ø¦Ù†Ø§ ØªØ­Ø¯ÙŠ ÙˆØ¬Ù…Ø§Ù„! ğŸƒ

@VisitSaudiAR
@qiddiyacity 

#Ø±ÙˆØ­_Ø§Ù„Ø³Ø¹ÙˆØ¯ÙŠØ©
#Ø´ØªØ§Ù†Ø§_Ù„ÙƒÙ„_Ø§Ù„Ù†Ø§Ø³ â„ï¸â˜ƒï¸
#Ø·ÙŠØ±Ø§Ù†_Ù†Ø§Ø³ âœˆï¸

Dubaiâ€¦ energy and excitement in every moment! ğŸ¤©âœˆï¸
And of course, with the playing cards from #QiddiyaCity, our vibes got even more thrilling and stylish! ğŸƒ

@VisitSaudiAR
@qiddiyacity 

#VisitSaudi
#WinterForAll â„ï¸â˜ƒï¸
#flynas âœˆï¸",Video,343,44,2025-12-13 19:40:26,,user_profile,
84,3786086208095532416,DSK4VjCijWA,https://www.instagram.com/p/DSK4VjCijWA/,flynas,593372283,"Ø¬Ù‡Ø²Ù†Ø§ Ù„ÙƒÙ… Ø£Ø¬ÙˆØ§Ø¡ Ø§Ù„Ø´ØªØ§Ø¡ Ø¨ÙƒÙ„ ØªÙØ§ØµÙŠÙ„Ù‡Ø§... Ø¬Ù‡Ù‘Ø²ÙˆØ§ Ù†ÙØ³ÙƒÙ… Ù„Ù„Ù…ØºØ§Ù…Ø±Ø© ÙˆÙ„Ø­ÙƒØ§ÙŠØ§Øª Ø§Ù„Ø´ØªØ§Ø¡ ğŸ¤©
#Ø´ØªØ§Ù†Ø§_Ù„ÙƒÙ„_Ø§Ù„Ù†Ø§Ø³ â„ï¸â›„ï¸

Winter vibes are all setâ€¦ Get ready for adventure and stories worth remembering ğŸ¤©
#WinterForAllâ„ï¸â›„ï¸",Video,149,5,2025-12-12 16:24:57,,user_profile,
85,3784034651770593747,DSDl3eUjiHT,https://www.instagram.com/p/DSDl3eUjiHT/,flynas,593372283,"ÙÙŠ Ø¬Ø¯Ø©ØŒ Ù‚Ø¶Ù‰ ÙÙ‡Ø¯ Ù„ÙŠØ§Ù„ÙŠÙ‡ Ø¨ÙŠÙ† Ø§Ù„Ø¥Ø­ØªÙØ§Ù„Ø§ØªØŒ Ø§Ù„Ø£Ù„Ø¹Ø§Ø¨ Ø§Ù„Ù†Ø§Ø±ÙŠØ© ÙˆØµÙˆØª Ø§Ù„Ù…ÙˆØ¬ Ø¹Ù„Ù‰ Ø§Ù„ÙƒÙˆØ±Ù†ÙŠØ´ ğŸŒŠ
Ø§Ù†Ø¯Ù…Ø¬ Ù…Ø¹ Ø§Ù„Ù†Ø§Ø³ØŒ Ø¬Ø±Ù‘Ø¨ Ù†ÙƒÙ‡Ø§Øª Ø¬Ø¯ÙŠØ¯Ø©ØŒ ÙˆØ´Ø§Ù Ø¬Ù…Ø§Ù„ Ø¬Ø¯Ø© ÙˆØ¨Ø­Ø±Ù‡Ø§.
 Ø®Ù„Ù‘ÙŠ Ø¬Ø¯Ø© ØªÙƒÙˆÙ† ÙˆØ¬Ù‡ØªÙƒ Ø§Ù„Ø¬Ø§ÙŠØ©ğŸ¤©

Ø§Ø­Ø¬Ø² Ø±Ø­Ù„ØªÙƒ Ø§Ø¨ØªØ¯Ø§Ø¡Ù‹ Ù…Ù† 259 Ø±ÙŠØ§Ù„ Ø³Ø¹ÙˆØ¯ÙŠ!

#Ø´ØªØ§Ù†Ø§_Ù„ÙƒÙ„_Ø§Ù„Ù†Ø§Ø³ â„ï¸â˜ƒï¸
#Ø±ÙˆØ­_Ø§Ù„Ø³Ø¹ÙˆØ¯ÙŠØ©
#Ø­ÙŠ_Ø§Ù„Ø´ØªØ§Ø¡ 

In Jeddah, Fahad spent his nights between concerts, fireworks, and sound of waves on the Corniche. ğŸŒŠ
He joined the crowd and watched Jeddah light up by the sea.
Sounds like your trip?ğŸ¤©

Book your trip starting from 259 SAR!

#WinterForAllâ„ï¸â˜ƒï¸
#VisitSaudi
#WinterIsAlive",Image,72,5,2025-12-09 20:28:24,,user_profile,
86,3783733081724001304,DSChTDVDZwY,https://www.instagram.com/p/DSChTDVDZwY/,flynas,593372283,"Ù†ÙƒÙ‡Ø§Øª Ø±ÙˆØ³ÙŠØ§ ÙˆØªØ¬Ø§Ø±Ø¨ Ù…ÙˆØ³ÙƒÙˆ Ù…Ø§ ØªÙ†ØªÙ‡ÙŠ! â„ï¸ğŸ‡·ğŸ‡º
Ù…Ù† Ø£Ù„Ø° Ø§Ù„Ø£Ø·Ø¨Ø§Ù‚ Ø§Ù„Ø±ÙˆØ³ÙŠØ©â€¦ Ø¥Ù„Ù‰ Ø£Ø¬Ù…Ù„ Ø§Ù„Ù…ØºØ§Ù…Ø±Ø§Øª ÙÙŠ Ù‚Ù„Ø¨ Ù…ÙˆØ³ÙƒÙˆ ğŸ¤©

Ù…ØºØ§Ù…Ø±ØªÙƒ Ø§Ù„Ù‚Ø§Ø¯Ù…Ø© Ø¨Ø§Ù†ØªØ¸Ø§Ø±Ùƒâ€¦ Ø§Ø­Ø¬Ø² ØªØ°ÙƒØ±ØªÙƒ Ø§Ù„Ø¢Ù†! âœˆï¸

#Ø´ØªØ§Ù†Ø§_Ù„ÙƒÙ„_Ø§Ù„Ù†Ø§Ø³â„ï¸â˜ƒï¸

-

Russiaâ€™s flavors and Moscowâ€™s endless experiences! â„ï¸ğŸ‡·ğŸ‡º
From must-try dishes to unforgettable city adventures ğŸ¤©

Your next journey awaitsâ€¦ book your flight now! âœˆï¸

#WinterForAllâ„ï¸â˜ƒï¸",Sidecar,94,6,2025-12-09 10:29:18,,user_profile,
87,3780336603106278397,DR2dByHjnv9,https://www.instagram.com/p/DR2dByHjnv9/,flynas,593372283,"ÙÙŠ Ø§Ù„Ø´Ø±Ù‚ÙŠØ©ØŒ ÙŠÙ„Ù‚Ù‰ Ø³Ø¹ÙˆØ¯ ØªÙˆØ§Ø²Ù†Ù‡. Ù‡Ù†Ø§Ùƒ Ø­ÙŠØ« Ø§Ù„Ø³ÙƒÙˆÙ† ÙŠØ­ÙƒÙŠ Ø­ÙƒØ§ÙŠØ©ØŒ ÙˆÙƒÙ„ Ù…Ø´Ù‡Ø¯ ÙŠÙ†Ø¨Ø¶ Ø¨ØªØ±Ø§Ø«Ù‡.
ÙˆØ¥Ø°Ø§ ÙƒÙ†Øª Ù…Ø«Ù„ Ø³Ø¹ÙˆØ¯ØŒ Ø¨ØªØ¹ÙŠØ´ ØªØ¬Ø±Ø¨Ø© ØªÙ†Ø§Ø³Ø¨Ùƒ !

Ø§Ø­Ø¬Ø² Ø±Ø­Ù„ØªÙƒ Ù„Ù„Ø´Ø±Ù‚ÙŠØ© Ø§Ù„ÙŠÙˆÙ… Ø§Ø¨ØªØ¯Ø§Ø¡Ù‹ Ù…Ù†209 Ø±ÙŠØ§Ù„ Ø³Ø¹ÙˆØ¯ÙŠ!

#Ø´ØªØ§Ù†Ø§_Ù„ÙƒÙ„_Ø§Ù„Ù†Ø§Ø³
#Ø±ÙˆØ­_Ø§Ù„Ø³Ø¹ÙˆØ¯ÙŠØ©
#Ø­ÙŠ_Ø§Ù„Ø´ØªØ§Ø¡

In the Eastern Province, Saud finds balance. It's where stillness meets story, and every landscape comes alive with heritage. If youâ€™re like Saud, youâ€™ll live your perfect experience!

Book your flight starting from 209 SAR!

#WinterForAllâ˜ƒï¸
#VisitSaudi 
#WinterIsAlive",Image,69,8,2025-12-04 18:01:07,,user_profile,
88,3778017562467325511,DRuNvTODVZH,https://www.instagram.com/p/DRuNvTODVZH/,flynas,593372283,"ğŸŒ‡ Ø²Ø§Ø±Øª Ø±ÙŠØªØ´ÙŠÙ„ Ù…Ø¹Ø§Ø±Ø¶ Ø§Ù„ÙÙ†ØŒ ÙˆØªØ¬ÙˆÙ„Øª Ø¨ÙŠÙ† Ø§Ù„Ù…Ù‚Ø§Ù‡ÙŠ ÙˆØ´ÙˆØ§Ø±Ø¹ Ø§Ù„Ù…Ø¯ÙŠÙ†Ø© 
ÙƒÙ„ Ø²Ø§ÙˆÙŠØ© ÙÙŠÙ‡Ø§ Ø­ÙƒØ§ÙŠØ© ØªØ¨Ù‚Ù‰ Ø¨Ø§Ù„Ø°Ø§ÙƒØ±Ø©.
Ø§Ù„Ø¥Ù„Ù‡Ø§Ù… Ù…Ø§ ÙƒØ§Ù† Ø¨Ø¹ÙŠØ¯â€¦ ÙƒØ§Ù† ÙÙŠ ÙƒÙ„ Ù…ÙƒØ§Ù†.

Ø§Ø­Ø¬Ø² Ø±Ø­Ù„ØªÙƒ Ø§Ø¨ØªØ¯Ø§Ø¡Ù‹ Ù…Ù†209 Ø±ÙŠØ§Ù„ Ø³Ø¹ÙˆØ¯ÙŠ 

#Ø´ØªØ§Ù†Ø§_Ù„ÙƒÙ„_Ø§Ù„Ù†Ø§Ø³ 
#Ø±ÙˆØ­_Ø§Ù„Ø³Ø¹ÙˆØ¯ÙŠØ©
#Ø­ÙŠÙ‘_Ø§Ù„Ø´ØªØ§Ø¡

-

Rachel explored art shows, cafÃ©s, and city streets that buzzed with life. Every corner offered a new sound, color, or story to remember. Inspiration wasnâ€™t hard to chase â€” it was everywhere ğŸŒ‡

Book your trip starting from 209 SAR 

#WinterForAll
#VisitSaudi
#WinterIsAlive",Image,182,8,2025-12-01 13:13:41,,user_profile,
89,3777272748582637088,DRrkY1PCA4g,https://www.instagram.com/p/DRrkY1PCA4g/,flynas,593372283,âœˆï¸ğŸ”¦,Video,1012,16,2025-11-30 12:34:36,,user_profile,
90,3774557529842679525,DRh7BMujH7l,https://www.instagram.com/p/DRh7BMujH7l/,flynas,593372283,"Ø§Ù„Ø­ÙØ¬Ø±ØŒ ÙˆØ¬Ø¨Ù„ Ø§Ù„ÙÙŠÙ„ØŒ ÙˆØ³Ù…Ø§Ø¡ Ù…Ù„ÙŠØ§Ù†Ø© Ù†Ø¬ÙˆÙ…â€¦
ÙƒØ§Ù† Ø¬ÙˆÙ† ÙŠØ¨Ø­Ø« Ø¹Ù† Ø§Ù„Ø§Ø³ØªØ«Ù†Ø§Ø¦ÙŠØ© ÙˆØ§Ù„ØªÙ…ÙŠØ²ØŒ ÙˆÙ„Ù‚Ø§Ù‡ Ø¨Ø§Ù„Ø¹Ù„Ø§ ÙˆØ¨Ø·Ø¨ÙŠØ¹ØªÙ‡Ø§ Ø§Ù„Ø§Ø³ØªØ«Ù†Ø§Ø¦ÙŠØ©..

Ø§Ø­Ø¬Ø² Ø±Ø­Ù„ØªÙƒ Ø§Ø¨ØªØ¯Ø§Ø¡Ù‹ Ù…Ù† 389 Ø±ÙŠØ§Ù„ Ø³Ø¹ÙˆØ¯ÙŠ 
Ø¬Ø§Ù‡Ø² Ù„Ù…ØºØ§Ù…Ø±ØªÙƒ Ø§Ù„Ø¬Ø§ÙŠØ©ØŸ

#Ø´ØªØ§Ù†Ø§_Ù„ÙƒÙ„_Ø§Ù„Ù†Ø§Ø³ â„ï¸
#Ø±ÙˆØ­_Ø§Ù„Ø³Ø¹ÙˆØ¯ÙŠØ©
#Ø­ÙŠ_Ø§Ù„Ø´ØªØ§Ø¡

-

The Hegra, the trails of Elephant Rock, and a sky full of stars. John was searching for the extraordinary, and AlUla is made of it..

Book your trip starting from 389 SAR
Is it time for your next adventure? 

#WinterForAllâ„ï¸
#VisitSaudi
#WinterIsAlive",Image,131,14,2025-11-26 18:39:09,,user_profile,
91,3782922215680179130,DR_o7ZejPu6,https://www.instagram.com/p/DR_o7ZejPu6/,nazgul_satbayeva,1444662404,"ĞŸÑ€Ğ¾Ñ‡Ğ¸Ñ‚Ğ°Ğ»Ğ° ĞºĞ»Ğ°ÑÑĞ½ÑƒÑ Ñ„Ñ€Ğ°Ğ·ÑƒğŸ¤

Ğ’ĞµĞ»Ğ¸ĞºĞ¸Ğµ Ñ‚Ğ¾Ğ¶Ğµ Ğ¿Ğ°Ğ´Ğ°ÑÑ‚, Ğ½Ğ¾ Ñ‚Ñ‹ Ğ´Ğ¾Ğ»Ğ¶ĞµĞ½ Ğ²ÑÑ‚Ğ°Ñ‚ÑŒ Ñ‡ĞµĞ³Ğ¾ Ğ±Ñ‹ Ñ‚ĞµĞ±Ğµ ÑÑ‚Ğ¾ Ğ½Ğµ ÑÑ‚Ğ¾Ğ¸Ğ»Ğ¾, Ğ¸ Ñ‚Ğ¾Ğ»ÑŒĞºĞ¾ Ğ¿Ğ¾ÑĞ»Ğµ ÑÑ‚Ğ¾Ğ³Ğ¾ Ñ‚Ñ‹ Ğ¿Ğ¾Ğ¹Ğ¼Ñ‘ÑˆÑŒ, Ñ‡ĞµĞ³Ğ¾ Ñ‚Ñ‹ ÑÑ‚Ğ¾Ğ¸ÑˆÑŒ Ğ½Ğ° ÑĞ°Ğ¼Ğ¾Ğ¼ Ğ´ĞµĞ»Ğµ 
#Ğ Ğ¾Ğ¹Ğ”Ğ¶Ğ¾Ğ½Ñ",Image,227,14,2025-12-08 07:38:11,,user_profile,
92,3693699578184804181,DNCqDJAtydV,https://www.instagram.com/p/DNCqDJAtydV/,nazgul_satbayeva,1444662404,"â€œĞ•ÑĞ»Ğ¸ Ğ±Ñ‹ Ñ Ğ´Ğ¾Ğ»Ğ¶ĞµĞ½ Ğ±Ñ‹Ğ» Ğ²Ñ‹Ğ±Ñ€Ğ°Ñ‚ÑŒ Ñ‚Ğ¾Ğ»ÑŒĞºĞ¾ Ğ¾Ğ´Ğ½Ğ¾ ĞºĞ°Ñ‡ĞµÑÑ‚Ğ²Ğ¾, Ğ¾Ğ´Ğ½Ñƒ Ñ‡ĞµÑ€Ñ‚Ñƒ Ñ…Ğ°Ñ€Ğ°ĞºÑ‚ĞµÑ€Ğ°, ĞºĞ¾Ñ‚Ğ¾Ñ€ÑƒÑ Ñ ÑÑ‡Ğ¸Ñ‚Ğ°Ñ Ğ½Ğ°Ğ¸Ğ±Ğ¾Ğ»ĞµĞµ ÑĞ²ÑĞ·Ğ°Ğ½Ğ½Ğ¾Ğ¹ Ñ ÑƒÑĞ¿ĞµÑ…Ğ¾Ğ¼, Ğ½ĞµĞ·Ğ°Ğ²Ğ¸ÑĞ¸Ğ¼Ğ¾ Ğ¾Ñ‚ Ğ²Ğ¸Ğ´Ğ° Ğ´ĞµÑÑ‚ĞµĞ»ÑŒĞ½Ğ¾ÑÑ‚Ğ¸, Ñ Ğ±Ñ‹ Ğ²Ñ‹Ğ±Ñ€Ğ°Ğ»Ğ°  Ğ½Ğ°ÑÑ‚Ğ¾Ğ¹Ñ‡Ğ¸Ğ²Ğ¾ÑÑ‚ÑŒ. 
Ğ­Ñ‚Ğ¾ Ğ²Ğ¾Ğ»Ñ Ğ´Ğ¾Ğ¹Ñ‚Ğ¸ Ğ´Ğ¾ ĞºĞ¾Ğ½Ñ†Ğ°; ÑƒĞ¿Ğ°ÑÑ‚ÑŒ ÑĞµĞ¼ÑŒĞ´ĞµÑÑÑ‚ Ñ€Ğ°Ğ· Ğ¸ Ğ²ÑÑ‚Ğ°Ñ‚ÑŒ ÑĞ¾ ÑĞ»Ğ¾Ğ²Ğ°Ğ¼Ğ¸:
Ğ—Ğ´ĞµÑÑŒ Ğ´Ğ¾Ğ»Ğ¶Ğ½Ğ° Ğ±Ñ‹Ñ‚ÑŒ ÑĞµĞ¼ÑŒĞ´ĞµÑÑÑ‚ Ğ¿ĞµÑ€Ğ²Ğ°Ñ Ğ²Ğ¾Ğ·Ğ¼Ğ¾Ğ¶Ğ½Ğ¾ÑÑ‚ÑŒ!ğŸš€

Ğ’Ğ—Ğ›Ğ•Ğ¢ĞĞ•Ğœ ĞšĞĞœĞĞĞ”Ğ?",Image,197,15,2025-08-07 05:08:44,,user_profile,
93,3765769447311947876,DRCs1xFDDhk,https://www.instagram.com/p/DRCs1xFDDhk/,nazgul_satbayeva,1444662404,"ĞœĞ°Ğ¼Ğ° Ğ¿Ğ¾Ğ´Ğ´ĞµÑ€Ğ¶Ğ¸Ğ²Ğ°Ğ»Ğ° Ğ½Ğ°Ñ  Ğ¸ Ğ¼Ñ‹ Ğ¿Ğ¾Ğ´Ğ´ĞµÑ€Ğ¶Ğ°Ğ»Ğ¸ ĞµĞµ ĞºĞ¾Ğ³Ğ´Ğ° Ğ¼Ñ‹ Ğ½ÑƒĞ¶Ğ½Ñ‹ Ğ±Ñ‹Ğ»Ğ¸ğŸ¥¹
ĞŸĞ¾Ñ‡ĞµĞ¼Ñƒ Ğ¼Ñ‹ ÑƒÑˆĞ»Ğ¸ Ğ¾ÑÑ‚Ğ°Ğ²Ğ¸Ğ¼ 80 Ñ‚Ñ‹Ñ$ Ğ´Ğ¾Ñ…Ğ¾Ğ´Ğ°.",Video,498,35,2025-11-14 15:48:18,,user_profile,
94,3787532535916719045,DSQBMYyjOvF,https://www.instagram.com/p/DSQBMYyjOvF/,nazgul_satbayeva,1444662404,ğŸ’˜,Video,210,25,2025-12-14 16:18:25,,user_profile,
95,3787253593083688862,DSPBxPCEzee,https://www.instagram.com/p/DSPBxPCEzee/,nazgul_satbayeva,1444662404,"Ğ¥Ğ¾Ñ‡Ñƒ ÑĞ¾Ñ…Ñ€Ğ°Ğ½Ğ¸Ñ‚ÑŒ ÑÑ‚Ğ¸ Ñ„Ğ¾Ñ‚Ğ¾Ğ³Ñ€Ğ°Ñ„Ğ¸Ğ¸ Ñ‚ÑƒÑ‚ğŸ«¶ğŸ¼
Ğ¯ Ğ¿Ğ¾Ğ½ÑĞ»Ğ° ĞºĞ°Ğº Ğ´Ğ°Ğ²Ğ½Ğ¾ ĞºĞ°Ğº Ğ±ÑƒĞ´Ñ‚Ğ¾ Ğ½Ğµ Ğ±Ñ‹Ğ»Ğ¾ Ñ‚Ğ°ĞºĞ¸Ñ… Ğ´Ğ½ĞµĞ¹ğŸ«¶ğŸ¼
Ğ­Ñ‚Ğ¾ Ğ²ÑĞµĞ³Ğ¾ Ğ»Ğ¸ÑˆÑŒ Ğ²Ñ‚Ğ¾Ñ€Ñ‹Ğµ Ğ²Ñ‹Ñ…Ğ¾Ğ´Ğ½Ñ‹Ğµ Ñ Ğ´ĞµÑ‚ÑŒĞ¼Ğ¸ Ğ·Ğ° Ğ¿Ğ¾Ğ»Ğ³Ğ¾Ğ´Ğ°. Ğ Ğ°Ğ½ÑŒÑˆĞµ Ğ´Ğ»Ñ Ğ½Ğ°Ñ ÑÑ‚Ğ¾ Ğ±Ñ‹Ğ»Ğ¾ Ñ‚Ñ€Ğ°Ğ´Ğ¸Ñ†Ğ¸ĞµĞ¹ â€” ĞºĞ°Ğ¶Ğ´Ñ‹Ğµ Ğ²Ñ‹Ñ…Ğ¾Ğ´Ğ½Ñ‹Ğµ Ğ²Ñ‹ĞµĞ·Ğ¶Ğ°Ñ‚ÑŒ Ğ·Ğ° Ğ³Ğ¾Ñ€Ğ¾Ğ´, Ğ² ĞºĞ°ĞºĞ¸Ğµ-Ñ‚Ğ¾ ÑƒÑÑ‚Ğ½Ñ‹Ğµ Ğ¾Ñ‚ĞµĞ»Ğ¸. 
ĞšĞ°Ğ¶Ğ´Ñ‹Ğ¹ Ñ‚Ñ€Ğ¸ Ğ¼ĞµÑÑÑ†Ğ° Ğ° Ñ‚Ğ¾ Ğ¸ Ñ‡Ğ°Ñ‰Ğµ, Ğ¼Ñ‹ Ğ»ĞµÑ‚Ğ°Ğ»Ğ¸ Ğ·Ğ° Ğ³Ñ€Ğ°Ğ½Ğ¸Ñ†Ñƒ, Ğ¶Ğ¸Ğ»Ğ¸ Ğ² Ğ¾Ñ‰ÑƒÑ‰ĞµĞ½Ğ¸Ğ¸ ÑÑ‚Ğ°Ğ±Ğ¸Ğ»ÑŒĞ½Ğ¾ÑÑ‚Ğ¸ Ğ¸ ÑƒĞ²ĞµÑ€ĞµĞ½Ğ½Ğ¾ÑÑ‚Ğ¸ Ğ² Ğ·Ğ°Ğ²Ñ‚Ñ€Ğ°ÑˆĞ½ĞµĞ¼ Ğ´Ğ½Ğµ.
Ğ”ÑƒĞ¼Ğ°Ğ»Ğ¸ Ğ²ÑĞµ Ğ¼Ñ‹ Ğ·Ğ°ÑĞ»ÑƒĞ¶Ğ¸Ğ²Ğ°ĞµĞ¼ ÑÑ‚Ñƒ Ğ¶Ğ¸Ğ·Ğ½ÑŒ.
ĞĞ¾ Ğ²ÑÑ‘ Ğ¸Ğ·Ğ¼ĞµĞ½Ğ¸Ğ»Ğ¾ÑÑŒ. ĞœÑ‹ ÑƒÑˆĞ»Ğ¸ Ğ¸Ğ· ĞºĞ¾Ğ¼Ğ¿Ğ°Ğ½Ğ¸Ğ¸ Ğ³Ğ´Ğµ ÑÑ‚Ğ¾Ğ»ÑŒĞºĞ¾ Ğ±Ñ‹Ğ»Ğ¾ Ğ½ĞµÑĞ¿Ñ€Ğ°Ğ²ĞµĞ´Ğ»Ğ¸Ğ²Ğ¾ÑÑ‚Ğ¸ Ğ¸ Ğ¼Ñ‹ ÑƒÑˆĞ»Ğ¸.
 Ğ»Ğ¸ÑˆĞ¸Ğ»Ğ¸ÑÑŒ Ğ¿Ñ€Ğ¸Ğ²Ñ‹Ñ‡Ğ½Ğ¾Ğ³Ğ¾, ÑÑ‚Ğ°Ğ±Ğ¸Ğ»ÑŒĞ½Ğ¾Ğ³Ğ¾ Ğ´Ğ¾Ñ…Ğ¾Ğ´Ğ°. 
Ğ­Ñ‚Ğ¾ Ğ±Ñ‹Ğ»Ğ¾ Ğ½ĞµĞ¿Ñ€Ğ¾ÑÑ‚Ğ¾Ğµ Ñ€ĞµÑˆĞµĞ½Ğ¸Ğµ, Ğ¾ÑĞ¾Ğ·Ğ½Ğ°Ğ½Ğ½Ğ¾Ğµ Ğ¸ Ğ±Ğ¾Ğ»ĞµĞ·Ğ½ĞµĞ½Ğ½Ğ¾Ğµ. ĞœÑ‹ Ğ¿Ğ¾Ğ½Ğ¸Ğ¼Ğ°Ğ»Ğ¸, ĞºĞ°ĞºÑƒÑ Ñ†ĞµĞ½Ñƒ Ğ·Ğ° Ğ½ĞµĞ³Ğ¾ Ğ¿Ñ€Ğ¸Ğ´Ñ‘Ñ‚ÑÑ Ğ·Ğ°Ğ¿Ğ»Ğ°Ñ‚Ğ¸Ñ‚ÑŒ â€” Ğ¾Ñ‚ĞºĞ°Ğ· Ğ¾Ñ‚ ĞºĞ¾Ğ¼Ñ„Ğ¾Ñ€Ñ‚Ğ°, Ğ¾Ñ‚ Ğ¿Ñ€Ğ¸Ğ²Ñ‹Ñ‡Ğ½Ğ¾Ğ¹ Ğ¶Ğ¸Ğ·Ğ½Ğ¸, Ğ¾Ñ‚ Ğ»Ñ‘Ğ³ĞºĞ¾ÑÑ‚Ğ¸.

Ğ˜ Ğ²ÑÑ‘ Ğ¶Ğµ Ğ¼Ñ‹ Ğ±Ñ‹Ğ»Ğ¸ Ğ³Ğ¾Ñ‚Ğ¾Ğ²Ñ‹ Ğº ÑÑ‚Ğ¾Ğ¼Ñƒ. ĞŸĞ¾Ñ‚Ğ¾Ğ¼Ñƒ Ñ‡Ñ‚Ğ¾ Ğ¸Ğ½Ğ¾Ğ³Ğ´Ğ° Ğ½Ğ°Ğ´Ğ¾ Ğ´ĞµĞ»Ğ°Ñ‚ÑŒ Ğ²Ñ‹Ğ±Ğ¾Ñ€.
 Ğ‘Ñ€Ğ¾ÑĞ¸Ñ‚ÑŒ Ğ¶Ğ°Ğ»ĞºĞ¾, Ğ½ĞµÑÑ‚Ğ¸ Ñ‚ÑĞ¶ĞµĞ»Ğ¾ Ğ·Ğ½Ğ°ĞºĞ¾Ğ¼Ğ¾?

Ğ˜ Ñ‡Ğ°Ñ‰Ğµ Ğ²ÑĞµĞ³Ğ¾ Ğ¼Ñ‹ Ğ´ĞµÑ€Ğ¶Ğ¸Ğ¼ÑÑ Ğ½Ğµ Ğ·Ğ° Ğ±Ğ¸Ğ·Ğ½ĞµÑ, Ğ° Ğ·Ğ° Ğ¼Ñ‹ÑĞ»ÑŒ Ğ¾ Ñ‚Ğ¾Ğ¼..ÑĞºĞ¾Ğ»ÑŒĞºĞ¾ Ğ²Ñ€ĞµĞ¼ĞµĞ½Ğ¸ ÑƒĞ¶Ğµ Ñ‚ÑƒĞ´Ğ° Ğ²Ğ»Ğ¾Ğ¶Ğ¸Ğ»Ğ¸.
Ğ¥Ğ¾Ñ‚Ñ Ğ½Ğ° ÑĞ°Ğ¼Ğ¾Ğ¼ Ğ´ĞµĞ»Ğµ Ğ²Ğ°Ğ¶Ğ½ĞµĞµ Ğ´Ñ€ÑƒĞ³Ğ¾Ğµ 
ĞºÑƒĞ´Ğ° Ñ Ğ²Ğ»Ğ¾Ğ¶Ñƒ ÑĞ»ĞµĞ´ÑƒÑÑ‰Ğ¸Ğµ Ğ¿ÑÑ‚ÑŒ Ğ»ĞµÑ‚ ÑĞ²Ğ¾ĞµĞ¹ Ğ¶Ğ¸Ğ·Ğ½Ğ¸.
Ğ˜Ğ¼ĞµĞ½Ğ½Ğ¾ Ñ€Ğ°Ğ´Ğ¸ Ğ±ÑƒĞ´ÑƒÑ‰ĞµĞ³Ğ¾ Ğ´ĞµÑ‚ĞµĞ¹ Ğ¼Ñ‹ ÑĞ´ĞµĞ»Ğ°Ñ‚ÑŒ Ğ½Ğ¾Ğ²Ñ‹Ğ¹ ÑˆĞ°Ğ³ Ñ‡ĞµĞ¼Ñƒ Ğ¼Ñ‹ Ğ¾Ñ‡ĞµĞ½ÑŒ Ñ€Ğ°Ğ´Ñ‹âœ¨",Sidecar,136,8,2025-12-14 07:03:51,,user_profile,
96,3786692467568635971,DSNCLyLE3BD,https://www.instagram.com/p/DSNCLyLE3BD/,nazgul_satbayeva,1444662404,ğŸ‘ŠğŸ»,Video,60,1,2025-12-13 12:29:07,,user_profile,
97,3786499973962272400,DSMWaoiDA6Q,https://www.instagram.com/p/DSMWaoiDA6Q/,nazgul_satbayeva,1444662404,"Super top style Ğ¾Ñ‚ @botastylist 
ĞšĞ°Ğº Ğ²Ğ°Ğ¼ Ğ¾Ğ±Ñ€Ğ°Ğ·?",Sidecar,308,31,2025-12-13 06:06:33,,user_profile,
98,3784971963748345273,DSG6_KICGW5,https://www.instagram.com/p/DSG6_KICGW5/,luna_.madina_,69089166418,"âœ¨ Ğ’ĞĞ›Ğ¨Ğ•Ğ‘ĞĞĞ¯ Ğ’Ğ¡Ğ¢Ğ Ğ•Ğ§Ğ. Ğ’ĞĞ›Ğ¨Ğ•Ğ‘ĞĞ«Ğ• Ğ›Ğ®Ğ”Ğ˜. Ğ˜Ğ“Ğ Ğ, ĞšĞĞ¢ĞĞ ĞĞ¯ ĞœĞ•ĞĞ¯Ğ•Ğ¢ Ğ¡Ğ£Ğ”Ğ¬Ğ‘Ğ«. âœ¨

12.12 Ğ² 12:00 Ğ¼Ñ‹ ÑĞ¾Ğ±Ğ¸Ñ€Ğ°ĞµĞ¼ÑÑ Ğ² Ñ‚Ñ‘Ğ¿Ğ»Ğ¾Ğ¼ Ğ¶ĞµĞ½ÑĞºĞ¾Ğ¼ ĞºÑ€ÑƒĞ³Ğµ, Ñ‡Ñ‚Ğ¾Ğ±Ñ‹ Ğ¿Ñ€Ğ¾Ğ¶Ğ¸Ñ‚ÑŒ Ñ‚Ñƒ ÑĞ°Ğ¼ÑƒÑ Ñ‚Ñ€Ğ°Ğ½ÑÑ„Ğ¾Ñ€Ğ¼Ğ°Ñ†Ğ¸Ñ, ĞºĞ¾Ñ‚Ğ¾Ñ€ÑƒÑ ĞºĞ°Ğ¶Ğ´Ğ°Ñ Ñ‡ÑƒĞ²ÑÑ‚Ğ²ÑƒĞµÑ‚â€¦ Ğ½Ğ¾ Ñ€ĞµĞ´ĞºĞ¾ Ñ€Ğ°Ğ·Ñ€ĞµÑˆĞ°ĞµÑ‚ ÑĞµĞ±Ğµ Ğ¿Ñ€Ğ¾Ğ¹Ñ‚Ğ¸ Ğ´Ğ¾ ĞºĞ¾Ğ½Ñ†Ğ°.

Ğ¯ Ğ¿Ñ€Ğ¾Ğ²ĞµĞ´Ñƒ Ğ´Ğ»Ñ Ğ²Ğ°Ñ Ñ‚Ñ€Ğ°Ğ½ÑÑ„Ğ¾Ñ€Ğ¼Ğ°Ñ†Ğ¸Ğ¾Ğ½Ğ½ÑƒÑ Ğ¸Ğ³Ñ€Ñƒ Â«Ğ›Ğ¸Ğ»Ğ°Â» ÑÑ‚Ğ¾ Ğ³Ğ»ÑƒĞ±Ğ¾ĞºĞ¸Ğ¹ Ğ¸Ğ½ÑÑ‚Ñ€ÑƒĞ¼ĞµĞ½Ñ‚, ĞºĞ¾Ñ‚Ğ¾Ñ€Ñ‹Ğ¹ Ğ¿Ğ¾Ğ¼Ğ¾Ğ³Ğ°ĞµÑ‚ ÑƒĞ²Ğ¸Ğ´ĞµÑ‚ÑŒ ÑĞ²Ğ¾Ğ¸ Ğ²Ğ½ÑƒÑ‚Ñ€ĞµĞ½Ğ½Ğ¸Ğµ Ğ±Ğ»Ğ¾ĞºĞ¸, ÑÑ‚Ñ€Ğ°Ñ…Ğ¸, Ğ¾Ğ³Ñ€Ğ°Ğ½Ğ¸Ñ‡Ğ¸Ğ²Ğ°ÑÑ‰Ğ¸Ğµ ÑÑ†ĞµĞ½Ğ°Ñ€Ğ¸Ğ¸ Ğ¸â€¦ Ğ²Ñ‹Ğ¹Ñ‚Ğ¸ Ğ¸Ğ· Ğ½Ğ¸Ñ….
Ğ›Ğ¸Ğ»Ğ° - ÑÑ‚Ğ¾ Ğ½Ğµ Â«Ğ¿Ñ€Ğ¾ÑÑ‚Ğ¾ Ğ¸Ğ³Ñ€Ğ°Â».
Ğ­Ñ‚Ğ¾ Ñ‡ĞµÑÑ‚Ğ½Ñ‹Ğ¹ Ñ€Ğ°Ğ·Ğ³Ğ¾Ğ²Ğ¾Ñ€ Ñ ÑĞ¾Ğ±Ğ¾Ğ¹.
Ğ­Ñ‚Ğ¾ Ğ·ĞµÑ€ĞºĞ°Ğ»Ğ¾, ĞºĞ¾Ñ‚Ğ¾Ñ€Ğ¾Ğµ Ğ¿Ğ¾ĞºĞ°Ğ·Ñ‹Ğ²Ğ°ĞµÑ‚ Ğ¿ÑƒÑ‚ÑŒ.
Ğ­Ñ‚Ğ¾ Ğ´Ğ²ĞµÑ€Ñ†Ğ°, ĞºĞ¾Ñ‚Ğ¾Ñ€ÑƒÑ Ñ‚Ñ‹ ÑĞ°Ğ¼Ğ° Ğ¾Ñ‚ĞºÑ€Ñ‹Ğ²Ğ°ĞµÑˆÑŒ, ĞºĞ¾Ğ³Ğ´Ğ° Ğ³Ğ¾Ñ‚Ğ¾Ğ²Ğ° Ğ¿ĞµÑ€ĞµÑÑ‚Ğ°Ñ‚ÑŒ Ñ‚ÑĞ½ÑƒÑ‚ÑŒ ÑÑ‚Ğ°Ñ€Ğ¾Ğµ.

Ğ’ ÑÑ‚Ğ¾Ñ‚ Ğ´ĞµĞ½ÑŒ Ğ¼Ñ‹:

âœ¨ ÑĞ¾Ğ¿Ñ€Ğ¸ĞºĞ¾ÑĞ½Ñ‘Ğ¼ÑÑ Ñ Ğ²Ğ°ÑˆĞ¸Ğ¼Ğ¸ Ğ¸ÑÑ‚Ğ¸Ğ½Ğ½Ñ‹Ğ¼Ğ¸ Ğ·Ğ°Ğ¿Ñ€Ğ¾ÑĞ°Ğ¼Ğ¸,
âœ¨ ÑƒĞ²Ğ¸Ğ´Ğ¸Ğ¼, Ğ³Ğ´Ğµ ÑĞ½ĞµÑ€Ğ³Ğ¸Ñ Ğ·Ğ°ÑÑ‚Ñ€ÑĞ»Ğ°,
âœ¨ Ğ±ÑƒĞ´ĞµĞ¼ Ğ¼ÑĞ³ĞºĞ¾, Ğ¾ÑĞ¾Ğ·Ğ½Ğ°Ğ½Ğ½Ğ¾ Ğ¾ÑĞ²Ğ¾Ğ±Ğ¾Ğ¶Ğ´Ğ°Ñ‚ÑŒÑÑ,
âœ¨ Ğ½Ğ°Ğ¹Ğ´Ñ‘Ğ¼ Ğ½Ğ¾Ğ²Ñ‹Ğµ Ñ€ĞµÑˆĞµĞ½Ğ¸Ñ,
âœ¨ Ğ¸ Ğ¿Ğ¾Ñ‡ÑƒĞ²ÑÑ‚Ğ²ÑƒĞµĞ¼ Ñ‚Ğ¾ ÑĞ°Ğ¼Ğ¾Ğµ ÑĞ¾ÑÑ‚Ğ¾ÑĞ½Ğ¸Ğµ Ğ¾Ğ±Ğ»ĞµĞ³Ñ‡ĞµĞ½Ğ¸Ñ Ğ¸ Ğ²Ğ½ÑƒÑ‚Ñ€ĞµĞ½Ğ½ĞµĞ³Ğ¾ Â«Ğ²ÑÑ‘, Ñ‚ĞµĞ¿ĞµÑ€ÑŒ Ñ Ğ¼Ğ¾Ğ³ÑƒÂ».

Ğ ÑĞ´Ğ¾Ğ¼ ÑĞ¾ Ğ¼Ğ½Ğ¾Ğ¹ @nazgul_satbayeva , Ğ°Ğ²Ñ‚Ğ¾Ñ€ ĞºĞ½Ğ¸Ğ³Ğ¸ Â«ÒšĞ°Ğ·Ğ°Ò›ÑˆĞ° HRÂ», ÑĞ¸Ğ»ÑŒĞ½Ğ°Ñ Ğ¶ĞµĞ½Ñ‰Ğ¸Ğ½Ğ°, Ğ±Ğ¸Ğ·Ğ½ĞµÑĞ²ÑƒĞ¼ĞµĞ½, Ñ‡ĞµĞ»Ğ¾Ğ²ĞµĞº, ĞºĞ¾Ñ‚Ğ¾Ñ€Ñ‹Ğ¹ ÑƒĞ¼ĞµĞµÑ‚ Ğ²Ğ´Ğ¾Ñ…Ğ½Ğ¾Ğ²Ğ»ÑÑ‚ÑŒ ÑĞ²Ğ¾Ğ¸Ğ¼ Ğ¿Ñ€Ğ¸Ğ¼ĞµÑ€Ğ¾Ğ¼ Ğ¸ Ğ½Ğ°Ğ¿Ñ€Ğ°Ğ²Ğ»ÑÑ‚ÑŒ Ñ‡ĞµÑ€ĞµĞ· Ğ¼ÑƒĞ´Ñ€Ğ¾ÑÑ‚ÑŒ.

Ğ­Ñ‚Ğ¾ Ğ²ÑÑ‚Ñ€ĞµÑ‡Ğ°  Ğ´Ğ»Ñ Ñ‚ĞµÑ…, ĞºÑ‚Ğ¾ Ñ‡ÑƒĞ²ÑÑ‚Ğ²ÑƒĞµÑ‚, Ñ‡Ñ‚Ğ¾ Ğ³Ğ¾Ñ‚Ğ¾Ğ² Ğ¿ĞµÑ€ĞµĞ·Ğ°Ğ³Ñ€ÑƒĞ·Ğ¸Ñ‚ÑŒÑÑ.
Ğ”Ğ»Ñ Ñ‚ĞµÑ…, ĞºÑ‚Ğ¾ Ñ…Ğ¾Ñ‡ĞµÑ‚ ÑÑĞ½Ğ¾ÑÑ‚Ğ¸.
Ğ”Ğ»Ñ Ñ‚ĞµÑ…, ĞºÑ‚Ğ¾ ÑƒÑÑ‚Ğ°Ğ» Ñ‚Ğ°Ñ‰Ğ¸Ñ‚ÑŒ Ñ‡ÑƒĞ¶Ğ¸Ğµ Ğ¾Ğ¶Ğ¸Ğ´Ğ°Ğ½Ğ¸Ñ.
Ğ”Ğ»Ñ Ñ‚ĞµÑ…, ĞºÑ‚Ğ¾ Ñ…Ğ¾Ñ‡ĞµÑ‚ Ğ²ĞµÑ€Ğ½ÑƒÑ‚ÑŒÑÑ Ğº ÑĞµĞ±Ğµ.

ĞŸÑ€Ğ¸Ñ…Ğ¾Ğ´Ğ¸Ñ‚Ğµ.
Ğ­Ñ‚Ğ¾Ñ‚ Ğ´ĞµĞ½ÑŒ ÑÑ‚Ğ°Ğ½ĞµÑ‚ Ñ‚Ğ¾Ñ‡ĞºĞ¾Ğ¹, Ñ ĞºĞ¾Ñ‚Ğ¾Ñ€Ğ¾Ğ¹ Ğ½Ğ°Ñ‡Ğ½Ñ‘Ñ‚ÑÑ Ñ‡Ñ‚Ğ¾-Ñ‚Ğ¾ Ğ½Ğ¾Ğ²Ğ¾Ğµ.

#Ñ‚Ñ€Ğ°Ğ½ÑÑ„Ğ¾Ñ€Ğ¼Ğ°Ñ†Ğ¸Ñ
#Ğ¸Ğ³Ñ€Ğ°Ğ›Ğ¸Ğ»Ğ°
#Ğ¶ĞµĞ½ÑĞºĞ¸Ğ¹ĞºÑ€ÑƒĞ³",Image,48,0,2025-12-11 03:30:00,,user_profile,
99,3784613866177602401,DSFpkJxiKNh,https://www.instagram.com/p/DSFpkJxiKNh/,dinara_boranbayevaa,1726232478,"Â«ĞšĞ¾Ğ³Ğ´Ğ° Ñƒ Ñ‚ĞµĞ±Ñ Ğ¾ÑĞ¾Ğ·Ğ½Ğ°Ğ½Ğ½Ğ¾ Ğ²Ñ‹Ğ±Ñ€Ğ°Ğ½ Ğ½Ğ°ÑÑ‚Ğ°Ğ²Ğ½Ğ¸Ğº, Ñ‚Ñ‹ ÑƒĞ¶Ğµ ÑƒĞ²ĞµÑ€ĞµĞ½Ğ½Ğ¾ ÑˆĞ°Ğ³ Ğ·Ğ° ÑˆĞ°Ğ³Ğ¾Ğ¼ Ğ´Ğ²Ğ¸Ğ³Ğ°ĞµÑˆÑŒÑÑ Ğ²Ğ¿ĞµÑ€Ñ‘Ğ´Â» 
ğŸš€ ğŸš€ ğŸš€",Video,232,28,2025-12-10 15:42:46,,user_profile,
100,3784577443043250462,DSFhSIFjJEe,https://www.instagram.com/p/DSFhSIFjJEe/,tonus_naz,11115000504,Ğ¢Ğ°Ğ¿ÑÑ‹Ñ€Ñ‹Ñ Ğ±ĞµÑ€Ñƒ Ò¯ÑˆÑ–Ğ½  Ñ‚Ó©Ğ¼ĞµĞ½Ğ³Ğµ Â«ÑÑ‹Ğ¹Ğ»Ñ‹Ò›Â» Ğ´ĞµĞ¿ Ğ¶Ğ°Ğ·Ñ‹Ğ¿ ĞºĞµÑ‚ğŸ‘‡ğŸ»,Sidecar,73,6,2025-12-10 14:26:49,,user_profile,
101,3783857293738146862,DSC9ikyCHwu,https://www.instagram.com/p/DSC9ikyCHwu/,dinara_boranbayevaa,1726232478,"Ğ‘Ñ–Ğ·Ğ´Ñ–Ò£ Ñ‚Ğ°Ò£Ğ´Ğ°ÑƒÑ‹Ğ¼Ñ‹Ğ· CORAL CLUB ĞºĞ¾Ğ¼Ğ¿Ğ°Ğ½Ğ¸ÑÑÑ‹! 
Ğ¡ĞµĞ±ĞµĞ±Ñ– Ğ±Ñ–Ğ· Ó©Ğ·Ñ–Ğ¼Ñ–Ğ·Ğ´Ñ– Ñ‚Ğ°Ò£Ğ´Ğ°Ğ´Ñ‹Ò›! ĞĞµ Ò¯ÑˆÑ–Ğ½???

- Ó¨Ğ· Ò›Ò±Ğ½Ğ´Ñ‹Ğ»Ñ‹Ò“Ñ‹Ğ¼Ñ‹Ğ·Ğ´Ñ‹ Ğ±Ñ–Ñ€Ñ–Ğ½ÑˆÑ– Ğ¾Ñ€Ñ‹Ğ½Ò“Ğ° Ò›Ğ¾Ğ¹Ñ‹Ğ¿, Ğ¼Ğ°Ò›ÑĞ°Ñ‚Ñ‹Ğ¼Ñ‹Ğ·Ğ±ĞµĞ½ Ó™Ñ€ĞµĞºĞµÑ‚Ñ–Ğ¼Ñ–Ğ·Ğ³Ğµ ÑĞ°Ğ¹ Ò›Ğ°Ñ€Ñ‹Ğ¼-Ò›Ğ°Ñ‚Ñ‹Ğ½Ğ°ÑÑ‚Ñ‹ 
ĞºÓ©Ñ€Ğµ Ğ¾Ñ‚Ñ‹Ñ€Ñ‹Ğ¿ Ğ±Ğ¾Ğ»Ğ°ÑˆĞ°Ò“Ñ‹Ğ¼Ñ‹Ğ·Ò“Ğ° Ğ½Ñ‹Ò› ÑĞµĞ½Ñ–Ğ¼Ğ´Ñ– Ò›Ğ°Ğ´Ğ°Ğ¼ Ğ±Ğ°ÑÑ‚Ñ‹Ò›!!!

ĞÑ€Ğ¼Ğ°Ğ½Ğ´Ğ°Ñ€Ğ´Ñ‹ Ğ¾Ñ€Ñ‹Ğ½Ğ´Ğ°ÑƒÒ“Ğ° Ğ¼Ñ‹Ò›Ñ‚Ñ‹ Ğ¿Ñ€Ğ¾Ğ´ÑƒĞºÑ‚, Ğ¼Ğ°Ñ€ĞºĞµÑ‚Ğ¸Ğ½Ğ³, Ğ±Ğ¾Ğ½ÑƒÑ Ğ¶Ó™Ğ½Ğµ Ñ‚Ó™Ğ¶Ñ–Ñ€Ğ¸Ğ±ĞµÑÑ– Ğ¼Ğ¾Ğ» Ğ½Ğ°ÑÑ‚Ğ°Ğ²Ğ½Ğ¸ĞºÑ‚ĞµÑ€Ğ´Ñ– Ñ‚Ğ°Ò£Ğ´Ğ°Ğ´Ñ‹Ò›!!!

Ğ‘Ğ†Ğ—Ğ“Ğ• Ğ¡Ó˜Ğ¢Ğ¢Ğ†Ğ›Ğ†Ğš Ğ¢Ğ†Ğ›Ğ•ĞŸ ÒšĞĞ™Ğ«Ò¢Ğ«Ğ—Ğ”ĞĞ âœŠğŸ’• 
Ğ“ĞĞ£ Ğ’ ĞĞĞ¨Ğ£ ĞšĞĞœĞĞĞ”Ğ£âœ…",Video,163,32,2025-12-09 14:38:34,,user_profile,
102,3783787269640213954,DSCtnlwjNXC,https://www.instagram.com/p/DSCtnlwjNXC/,tonus_naz,11115000504,ĞĞĞĞœĞĞ«Ò¢ Ğ‘ĞÒšĞ«Ğ¢Ğ¢ĞĞ ĞÒšÒšĞĞ ĞšÓ¨Ğ— Ğ–ĞĞ¡Ğ«Ğ ĞšÓ¨Ğ Ğ£ ĞœĞ•Ğ Ò®Ğ¨Ğ†Ğ Ğ‘ĞÒšĞ«Ğ¢ğŸ’”ğŸ¥¹,Video,680,81,2025-12-09 12:17:45,,user_profile,
